figure,item,cond,n,paper,ours,diff,ci95,within_tol
fig5,Q1_1,quadratic-equal,48,4.039,4.041666666666667,0.002666666666667261,0.23312845615359337,True
fig5,Q1_2,quadratic-equal,48,4.039,4.041666666666667,0.002666666666667261,0.18415980700295717,True
fig5,Q1_3,quadratic-equal,48,3.789,3.7916666666666665,0.002666666666666373,0.19318516577168052,True
fig5,Q1_1,quadratic-early,43,3.56,3.558139534883721,-0.0018604651162790198,0.237889888525251,True
fig5,Q1_2,quadratic-early,43,3.84,3.8372093023255816,-0.0027906976744183076,0.26837598911631905,True
fig5,Q1_3,quadratic-early,43,3.769,3.7674418604651163,-0.0015581395348838178,0.2512397240772043,True
fig5,Q1_1,ranked-equal,47,4.197,4.191489361702128,-0.005510638297872461,0.18507314129412833,True
fig5,Q1_2,ranked-equal,47,3.809,3.8085106382978724,-0.0004893617021277663,0.3608368384259036,True
fig5,Q1_3,ranked-equal,47,3.917,3.9148936170212765,-0.0021063829787233423,0.22169248613181747,True
fig5,Q1_1,ranked-early,44,3.82,3.8181818181818183,-0.0018181818181814968,0.1718538057189105,True
fig5,Q1_2,ranked-early,44,3.412,3.409090909090909,-0.00290909090909075,0.3391120217426822,True
fig5,Q1_3,ranked-early,44,3.82,3.8181818181818183,-0.0018181818181814968,0.2869238119788136,True
fig6,Q2_1,quadratic-equal,48,4.444,4.4375,-0.00649999999999995,0.164091767484016,True
fig6,Q2_3,quadratic-equal,48,4.28,4.270833333333333,-0.009166666666667211,0.20829513834271413,True
fig6,Q2_4,quadratic-equal,48,4.321,4.3125,-0.00849999999999973,0.17658765629174064,True
fig6,Q2_5,quadratic-equal,48,4.012,4.0,-0.011999999999999567,0.24759266479355657,True
fig6,Q2_6,quadratic-equal,48,4.129,4.125,-0.0039999999999995595,0.2154119424835564,True
fig6,Q2_7,quadratic-equal,48,4.356,4.354166666666667,-0.0018333333333329094,0.17003749934068396,True
fig6,Q2_8,quadratic-equal,48,3.989,3.9791666666666665,-0.00983333333333336,0.22967905323317978,True
fig6,Q2_9,quadratic-equal,48,4.012,4.0,-0.011999999999999567,0.23343260299676213,True
fig6,Q2_10,quadratic-equal,48,3.383,3.375,-0.008000000000000007,0.29541562259115883,True
fig6,Q2_1,quadratic-early,43,3.96,3.953488372093023,-0.006511627906976791,0.2763672763951107,True
fig6,Q2_3,quadratic-early,43,4.164,4.162790697674419,-0.0012093023255808077,0.19491424526450302,True
fig6,Q2_4,quadratic-early,43,4.024,4.023255813953488,-0.0007441860465116079,0.28045393166791854,True
fig6,Q2_5,quadratic-early,43,4.024,4.023255813953488,-0.0007441860465116079,0.2727638983115288,True
fig6,Q2_6,quadratic-early,43,3.989,3.9767441860465116,-0.012255813953488293,0.2648506761482979,True
fig6,Q2_7,quadratic-early,43,3.989,3.9767441860465116,-0.012255813953488293,0.3292935662129369,True
fig6,Q2_8,quadratic-early,43,3.96,3.953488372093023,-0.006511627906976791,0.35096405896737887,True
fig6,Q2_9,quadratic-early,43,4.053,4.046511627906977,-0.006488372093023109,0.2605193741936838,True
fig6,Q2_10,quadratic-early,43,2.194,2.186046511627907,-0.007953488372093087,0.307704563553394,True
fig6,Q2_1,ranked-equal,47,4.076,4.0638297872340425,-0.012170212765957089,0.16221235050078175,True
fig6,Q2_3,ranked-equal,47,4.216,4.212765957446808,-0.0032340425531920403,0.24533009628227478,True
fig6,Q2_4,ranked-equal,47,4.141,4.127659574468085,-0.013340425531914946,0.22791487150931286,True
fig6,Q2_5,ranked-equal,47,4.269,4.25531914893617,-0.01368085106382999,0.21049563937263496,True
fig6,Q2_6,ranked-equal,47,4.216,4.212765957446808,-0.0032340425531920403,0.18791123017249783,True
fig6,Q2_7,ranked-equal,47,4.152,4.148936170212766,-0.0030638297872345177,0.20632340328610077,True
fig6,Q2_8,ranked-equal,47,4.141,4.127659574468085,-0.013340425531914946,0.2199805494222541,True
fig6,Q2_9,ranked-equal,47,3.82,3.8085106382978724,-0.011489361702127443,0.2708196438025951,True
fig6,Q2_10,ranked-equal,47,3.243,3.234042553191489,-0.008957446808510738,0.38270056709361183,True
fig6,Q2_1,ranked-early,44,4.216,4.204545454545454,-0.01145454545454605,0.1972345322091252,True
fig6,Q2_3,ranked-early,44,4.1,4.090909090909091,-0.009090909090908816,0.24530588247206547,True
fig6,Q2_4,ranked-early,44,4.164,4.159090909090909,-0.00490909090909053,0.20094314425417978,True
fig6,Q2_5,ranked-early,44,4.257,4.25,-0.006999999999999673,0.19249831827057054,True
fig6,Q2_6,ranked-early,44,4.164,4.159090909090909,-0.00490909090909053,0.26230585747858626,True
fig6,Q2_7,ranked-early,44,4.228,4.2272727272727275,-0.0007272727272722435,0.2285558703966148,True
fig6,Q2_8,ranked-early,44,4.193,4.181818181818182,-0.01118181818181796,0.1718538057189105,True
fig6,Q2_9,ranked-early,44,4.024,4.0227272727272725,-0.0012727272727275363,0.28844766684073214,True
fig6,Q2_10,ranked-early,44,2.486,2.477272727272727,-0.008727272727273139,0.33410817432484696,True
fig7,Electoral,quadratic-equal,48,4.546,4.541666666666667,-0.0043333333333333,0.13942998615860625,True
fig7,Liberal,quadratic-equal,48,3.962,3.9583333333333335,-0.003666666666666707,0.2219017044329765,True
fig7,Participatory,quadratic-equal,48,3.987,3.9791666666666665,-0.00783333333333358,0.19198782067113535,True
fig7,Deliberative,quadratic-equal,48,4.162,4.152777777777778,-0.009222222222222243,0.14809425487427424,True
fig7,Egalitarian,quadratic-equal,48,3.987,3.9791666666666665,-0.00783333333333358,0.21433879717951052,True
fig7,Rule of Law,quadratic-equal,48,3.864,3.8645833333333335,0.0005833333333336022,0.24714450045988284,True
fig7,Civil Liberties,quadratic-equal,48,4.254,4.243055555555555,-0.010944444444444201,0.14126956698761745,True
fig7,Political Equality,quadratic-equal,48,4.1,4.09375,-0.006249999999999645,0.19716128711868836,True
fig7,Civil Society Participation,quadratic-equal,48,4.054,4.052083333333333,-0.0019166666666672327,0.23019975875369647,True
fig7,Judicial Constraints,quadratic-equal,46,3.818,3.8152173913043477,-0.0027826086956523888,0.26443722267959985,True
fig7,Electoral,quadratic-early,43,4.131,4.127906976744186,-0.0030930232558139537,0.181850155341304,True
fig7,Liberal,quadratic-early,43,3.874,3.872093023255814,-0.0019069767441859398,0.226163876763499,True
fig7,Participatory,quadratic-early,43,4.018,4.015503875968992,-0.0024961240310075183,0.2680070872386916,True
fig7,Deliberative,quadratic-early,43,4.095,4.0852713178294575,-0.009728682170542235,0.1833177140698885,True
fig7,Egalitarian,quadratic-early,43,3.972,3.9689922480620154,-0.0030077519379845263,0.2215229910206797,True
fig7,Rule of Law,quadratic-early,43,3.972,3.9651162790697674,-0.006883720930232595,0.20469379400932294,True
fig7,Civil Liberties,quadratic-early,43,4.187,4.17829457364341,-0.008705426356589996,0.22421120583911217,True
fig7,Political Equality,quadratic-early,43,3.951,3.941860465116279,-0.009139534883721101,0.2509442057737009,True
fig7,Civil Society Participation,quadratic-early,43,4.131,4.127906976744186,-0.0030930232558139537,0.23985723775098464,True
fig7,Judicial Constraints,quadratic-early,43,4.028,4.023255813953488,-0.004744186046511167,0.23279259499416546,True
fig7,Electoral,ranked-equal,47,4.526,4.5212765957446805,-0.004723404255319252,0.15760209358625063,True
fig7,Liberal,ranked-equal,47,4.208,4.202127659574468,-0.0058723404255323075,0.19919137019549768,True
fig7,Participatory,ranked-equal,47,4.29,4.283687943262411,-0.006312056737589167,0.2212562511896354,True
fig7,Deliberative,ranked-equal,47,4.054,4.049645390070921,-0.00435460992907899,0.18638493116808488,True
fig7,Egalitarian,ranked-equal,47,4.141,4.134751773049645,-0.006248226950354763,0.17623727373915646,True
fig7,Rule of Law,ranked-equal,47,4.141,4.138297872340425,-0.0027021276595746713,0.2397576702203047,True
fig7,Civil Liberties,ranked-equal,47,4.423,4.418439716312056,-0.004560283687943922,0.14799381181787327,True
fig7,Political Equality,ranked-equal,47,3.849,3.8404255319148937,-0.008574468085106535,0.28450351160472026,True
fig7,Civil Society Participation,ranked-equal,47,4.141,4.138297872340425,-0.0027021276595746713,0.20586480435655247,True
fig7,Judicial Constraints,ranked-equal,47,4.121,4.117021276595745,-0.003978723404255646,0.1691715145014548,True
fig7,Electoral,ranked-early,44,4.382,4.375,-0.006999999999999673,0.1777604690452287,True
fig7,Liberal,ranked-early,44,4.064,4.056818181818182,-0.0071818181818184,0.2410121344109207,True
fig7,Participatory,ranked-early,44,4.162,4.151515151515151,-0.010484848484848541,0.17955775999079812,True
fig7,Deliberative,ranked-early,44,4.054,4.045454545454546,-0.008545454545454412,0.20659221315776882,True
fig7,Egalitarian,ranked-early,44,3.962,3.9545454545454546,-0.0074545454545456025,0.2109151052579806,True
fig7,Rule of Law,ranked-early,44,3.915,3.909090909090909,-0.005909090909090864,0.24530588247206547,True
fig7,Civil Liberties,ranked-early,44,4.403,4.401515151515151,-0.0014848484848482002,0.15692936075843325,True
fig7,Political Equality,ranked-early,44,3.685,3.6818181818181817,-0.0031818181818183966,0.3563636363636363,True
fig7,Civil Society Participation,ranked-early,44,4.279,4.2727272727272725,-0.00627272727272743,0.2148172571486381,True
fig7,Judicial Constraints,ranked-early,44,4.131,4.125,-0.006000000000000227,0.24291928291653794,True
