round,cond,choice,stat,paper,ours,decimals,diff,matches_printed
1,quadratic-equal,1,mean,0.1627,0.16269230769230766,4,-7.692307692347411e-06,True
1,quadratic-equal,1,sd,0.1519,0.15188305217653988,4,-1.6947823460122802e-05,True
1,quadratic-equal,2,mean,0.1596,0.15961538461538463,4,1.538461538463931e-05,True
1,quadratic-equal,2,sd,0.1352,0.1352177730693941,4,1.7773069394100283e-05,True
1,quadratic-equal,3,mean,0.3219,0.32192307692307687,4,2.3076923076847944e-05,True
1,quadratic-equal,3,sd,0.2086,0.2086340189090788,4,3.4018909078781245e-05,True
1,quadratic-equal,4,mean,0.258,0.2580769230769231,4,7.692307692308553e-05,True
1,quadratic-equal,4,sd,0.1967,0.1966727074256971,4,-2.7292574302922867e-05,True
1,quadratic-early,1,mean,0.0901,0.09010416666666665,4,4.16666666665233e-06,True
1,quadratic-early,1,sd,0.1415,0.1415451978180903,4,4.5197818090314534e-05,True
1,quadratic-early,2,mean,0.1493,0.14927083333333332,4,-2.9166666666663454e-05,True
1,quadratic-early,2,sd,0.1549,0.15491491207073663,4,1.4912070736616823e-05,True
1,quadratic-early,3,mean,0.3358,0.33583333333333326,4,3.333333333327415e-05,True
1,quadratic-early,3,sd,0.2111,0.21110947431351235,4,9.474313512336519e-06,True
1,quadratic-early,4,mean,0.2646,0.26458333333333334,4,-1.666666666666483e-05,True
1,quadratic-early,4,sd,0.2473,0.24725522224522625,4,-4.477775477373935e-05,True
1,ranked-equal,1,mean,0.1478,0.14777777777777779,4,-2.222222222220127e-05,True
1,ranked-equal,1,sd,0.1695,0.1695317835717705,4,3.178357177049951e-05,True
1,ranked-equal,2,mean,0.2548,0.2548148148148148,4,1.4814814814800847e-05,True
1,ranked-equal,2,sd,0.1614,0.16144468856047095,4,4.468856047096237e-05,True
1,ranked-equal,3,mean,0.32,0.32,4,0.0,True
1,ranked-equal,3,sd,0.1953,0.19527101482495868,4,-2.898517504132392e-05,True
1,ranked-equal,4,mean,0.21,0.21000000000000002,4,2.7755575615628914e-17,True
1,ranked-equal,4,sd,0.1679,0.16792855623746664,4,2.8556237466642598e-05,True
1,ranked-early,1,mean,0.1133,0.11330000000000001,4,1.3877787807814457e-17,True
1,ranked-early,1,sd,0.2102,0.21017195340958317,4,-2.804659041683033e-05,True
1,ranked-early,2,mean,0.28,0.28,4,0.0,True
1,ranked-early,2,sd,0.212,0.21204854004056084,4,4.854004056084604e-05,True
1,ranked-early,3,mean,0.3005,0.3005,4,0.0,True
1,ranked-early,3,sd,0.2282,0.22815952935026257,4,-4.047064973741743e-05,True
1,ranked-early,4,mean,0.2342,0.23420000000000002,4,2.7755575615628914e-17,True
1,ranked-early,4,sd,0.1689,0.16889302580825138,4,-6.974191748609915e-06,True
2,quadratic-equal,1,mean,0.121,0.12050000000000001,3,-0.0004999999999999866,True
2,quadratic-equal,1,sd,0.172,0.17215277792521508,3,0.00015277792521509181,True
2,quadratic-equal,2,mean,0.21,0.21000000000000002,3,2.7755575615628914e-17,True
2,quadratic-equal,2,sd,0.14,0.14011273656369866,3,0.00011273656369864549,True
2,quadratic-equal,3,mean,0.282,0.2815,3,-0.0005000000000000004,True
2,quadratic-equal,3,sd,0.174,0.1737292206431122,3,-0.00027077935688779586,True
2,quadratic-equal,4,mean,0.332,0.3315,3,-0.0005000000000000004,True
2,quadratic-equal,4,sd,0.201,0.2086869980566464,3,0.0076869980566463825,False
2,quadratic-early,1,mean,0.108,0.10842105263157897,3,0.00042105263157897477,True
2,quadratic-early,1,sd,0.143,0.14319569584991557,3,0.0001956958499155781,True
2,quadratic-early,2,mean,0.21,0.20973684210526317,3,-0.00026315789473682627,True
2,quadratic-early,2,sd,0.207,0.20704081511336606,3,4.0815113366066136e-05,True
2,quadratic-early,3,mean,0.321,0.32065789473684214,3,-0.0003421052631578658,True
2,quadratic-early,3,sd,0.183,0.1831037238403701,3,0.00010372384037010685,True
2,quadratic-early,4,mean,0.344,0.3443421052631579,3,0.00034210526315792134,True
2,quadratic-early,4,sd,0.201,0.20887403518173198,3,0.007874035181731964,False
2,ranked-equal,1,mean,0.053,0.052777777777777785,3,-0.00022222222222221394,True
2,ranked-equal,1,sd,0.065,0.06460791752204947,3,-0.0003920824779505283,True
2,ranked-equal,2,mean,0.177,0.17722222222222225,3,0.0002222222222222625,True
2,ranked-equal,2,sd,0.165,0.16545145211371204,3,0.00045145211371203087,True
2,ranked-equal,3,mean,0.363,0.36333333333333334,3,0.00033333333333335213,True
2,ranked-equal,3,sd,0.238,0.2383028226734162,3,0.0003028226734162198,True
2,ranked-equal,4,mean,0.407,0.4066666666666667,3,-0.0003333333333332966,True
2,ranked-equal,4,sd,0.24,0.23953386104731686,3,-0.00046613895268313166,True
2,ranked-early,1,mean,0.107,0.10736111111111112,3,0.0003611111111111176,True
2,ranked-early,1,sd,0.167,0.16698113714847762,3,-1.8862851522388757e-05,True
2,ranked-early,2,mean,0.278,0.2780555555555556,3,5.5555555555586444e-05,True
2,ranked-early,2,sd,0.164,0.16412099991889853,3,0.00012099991889852335,True
2,ranked-early,3,mean,0.381,0.38097222222222227,3,-2.777777777773771e-05,True
2,ranked-early,3,sd,0.231,0.23088725745175884,3,-0.00011274254824117369,True
2,ranked-early,4,mean,0.223,0.22319444444444445,3,0.00019444444444444153,True
2,ranked-early,4,sd,0.127,0.1270878735929557,3,8.787359295570063e-05,True
