statement,category,figure_pct,caption_pct,diff
experience,Strongly Agree,46.376,46.4,0.02400000000000091
experience,Agree,39.13,39.1,-0.030000000000001137
experience,Somewhat Agree,10.87,10.9,0.030000000000001137
experience,Neutral,1.449,1.4,-0.049000000000000155
experience,Somewhat Disagree,0.725,0.7,-0.025000000000000022
experience,Disagree,0.0,,
experience,Strongly Disagree,1.45,1.5,0.050000000000000044
trust,Strongly Agree,25.362,25.4,0.038000000000000256
trust,Agree,47.101,47.1,-0.0009999999999976694
trust,Somewhat Agree,13.043,13.0,-0.04299999999999926
trust,Neutral,11.594,11.6,0.006000000000000227
trust,Somewhat Disagree,2.174,7.2,5.026
trust,Disagree,0.725,0.2,-0.5249999999999999
trust,Strongly Disagree,0.001,,
contributions,Strongly Agree,44.927,44.9,-0.027000000000001023
contributions,Agree,36.232,36.2,-0.031999999999996476
contributions,Somewhat Agree,9.42,9.4,-0.019999999999999574
contributions,Neutral,7.246,7.2,-0.04600000000000026
contributions,Somewhat Disagree,1.449,1.4,-0.049000000000000155
contributions,Disagree,0.725,0.7,-0.025000000000000022
contributions,Strongly Disagree,0.001,,
