round,cond,choice,mean_ratio
1,quadratic-equal,1,0.16269230769230766
1,quadratic-equal,2,0.15961538461538463
1,quadratic-equal,3,0.32192307692307687
1,quadratic-equal,4,0.2580769230769231
1,quadratic-early,1,0.09010416666666665
1,quadratic-early,2,0.14927083333333332
1,quadratic-early,3,0.33583333333333326
1,quadratic-early,4,0.26458333333333334
1,ranked-equal,1,0.14777777777777779
1,ranked-equal,2,0.2548148148148148
1,ranked-equal,3,0.32
1,ranked-equal,4,0.21000000000000002
1,ranked-early,1,0.11330000000000001
1,ranked-early,2,0.28
1,ranked-early,3,0.3005
1,ranked-early,4,0.23420000000000002
2,quadratic-equal,1,0.12050000000000001
2,quadratic-equal,2,0.21000000000000002
2,quadratic-equal,3,0.2815
2,quadratic-equal,4,0.3315
2,quadratic-early,1,0.10842105263157897
2,quadratic-early,2,0.20973684210526317
2,quadratic-early,3,0.32065789473684214
2,quadratic-early,4,0.3443421052631579
2,ranked-equal,1,0.052777777777777785
2,ranked-equal,2,0.17722222222222225
2,ranked-equal,3,0.36333333333333334
2,ranked-equal,4,0.4066666666666667
2,ranked-early,1,0.10736111111111112
2,ranked-early,2,0.2780555555555556
2,ranked-early,3,0.38097222222222227
2,ranked-early,4,0.22319444444444445
