item,cond,n,mean,sd
Q1_1,quadratic-equal,48,4.041666666666667,0.8240618994859531
Q1_1,quadratic-early,43,3.558139534883721,0.7958919997741782
Q1_1,ranked-equal,47,4.191489361702128,0.6473456798590629
Q1_1,ranked-early,44,3.8181818181818183,0.5816067269023053
Q1_2,quadratic-equal,48,4.041666666666667,0.6509676376351031
Q1_2,quadratic-early,43,3.8372093023255816,0.8978872704229617
Q1_2,ranked-equal,47,3.8085106382978724,1.2621289445656705
Q1_2,ranked-early,44,3.409090909090909,1.1476605489993053
Q1_3,quadratic-equal,48,3.7916666666666665,0.6828704538472788
Q1_3,quadratic-early,43,3.7674418604651163,0.8405556354586042
Q1_3,ranked-equal,47,3.9148936170212765,0.7754322002162954
Q1_3,ranked-early,44,3.8181818181818183,0.9710394160736784
Q2_1,quadratic-equal,48,4.4375,0.5800311803797844
Q2_1,quadratic-early,43,3.953488372093023,0.9246231760661827
Q2_1,ranked-equal,47,4.0638297872340425,0.5673835953839546
Q2_1,ranked-early,44,4.204545454545454,0.6675029990193216
Q2_3,quadratic-equal,48,4.270833333333333,0.7362811481207531
Q2_3,quadratic-early,43,4.162790697674419,0.652111316751378
Q2_3,ranked-equal,47,4.212765957446808,0.8581114302012287
Q2_3,ranked-early,44,4.090909090909091,0.8301913990070006
Q2_4,quadratic-equal,48,4.3125,0.624201617728173
Q2_4,quadratic-early,43,4.023255813953488,0.9382956203118213
Q2_4,ranked-equal,47,4.127659574468085,0.7971967537564457
Q2_4,ranked-early,44,4.159090909090909,0.6800540955973203
Q2_5,quadratic-equal,48,4.0,0.8751899489873673
Q2_5,quadratic-early,43,4.023255813953488,0.912567599401435
Q2_5,ranked-equal,47,4.25531914893617,0.7362680604231449
Q2_5,ranked-early,44,4.25,0.6514741780386716
Q2_6,quadratic-equal,48,4.125,0.7614376100788253
Q2_6,quadratic-early,43,3.9767441860465116,0.8860928708991233
Q2_6,ranked-equal,47,4.212765957446808,0.6572726987750531
Q2_6,ranked-early,44,4.159090909090909,0.8877246016009281
Q2_7,quadratic-equal,48,4.354166666666667,0.6010481388776002
Q2_7,quadratic-early,43,3.9767441860465116,1.101695059637502
Q2_7,ranked-equal,47,4.148936170212766,0.7216744841371207
Q2_7,ranked-early,44,4.2272727272727275,0.773504148712927
Q2_8,quadratic-equal,48,3.9791666666666665,0.8118689584371106
Q2_8,quadratic-early,43,3.953488372093023,1.174196551488821
Q2_8,ranked-equal,47,4.127659574468085,0.7694442171660334
Q2_8,ranked-early,44,4.181818181818182,0.5816067269023053
Q2_9,quadratic-equal,48,4.0,0.8251369970070347
Q2_9,quadratic-early,43,4.046511627906977,0.8716019289105665
Q2_9,ranked-equal,47,3.8085106382978724,0.947268335160323
Q2_9,ranked-early,44,4.0227272727272725,0.976196614861375
Q2_10,quadratic-equal,48,3.375,1.0442344238315904
Q2_10,quadratic-early,43,2.186046511627907,1.029466203647224
Q2_10,ranked-equal,47,3.234042553191489,1.3386035221282695
Q2_10,ranked-early,44,2.477272727272727,1.1307259730879295
