,Q1_1,Q1_2,Q1_3,Q2_1,Q2_3,Q2_4,Q2_5,Q2_6,Q2_7,Q2_8,Q2_9,Q2_10,Electoral,Liberal,Participatory,Deliberative,Egalitarian,Rule of Law,Civil Liberties,Political Equality,Civil Society Participation,Judicial Constraints
q1A,-0.1451969259817206,-0.05782333179354274,0.02805598553315009,0.06338924021258775,0.03626082532205839,0.027357376143383412,0.1060002063879086,0.13216168695433048,0.04119479114492347,0.02006849631871563,-0.02109937101999317,-0.04765992113386835,0.04420459455845271,0.0997741995576705,0.12699656351160163,0.02596483462926631,-0.007792963086190044,-0.005082365543597116,0.03411052367111115,0.004997524894613425,0.028666672111737904,-0.03680672002134033
q1B,-0.11773431131690701,0.021205316429775037,0.1800593787069084,0.055386905588594174,-0.012361126962038189,0.0509929720091904,0.10918063308415833,0.06180415949733634,0.12307808714490101,0.059997595209175136,-0.11900286863001924,-0.017564925252080508,0.011021963794143058,0.1670368864988547,0.05010951433262427,0.024588243339835062,0.0040619512171796105,0.03397532151098193,0.037957348686759464,-0.04131552479148998,0.03315333339829969,-0.040615496868794954
q1C,-0.07377903884816533,-0.00762181469886212,0.03229115624784601,0.05447821313869246,0.04677295260613939,-0.010713525680128474,0.011382190417916988,0.09737340244890254,0.12374695463032986,0.07248736766413706,0.04010441652071712,0.03686925053290586,0.024284492859632488,0.02482069296841781,0.10087746922425316,0.0798365454279064,0.11736241459715742,0.08036901591667552,0.032585216333699374,0.054818966505924875,0.10638533132385804,0.10795336397477867
q1D,0.016479335936026726,-0.012511770448169009,0.0690536270298579,0.06522761150850714,-0.032657201611670815,0.019962824242056865,-0.0736053261098648,-0.045323214862059195,-0.06223737516810536,-0.06464251806533569,0.0013976274977644757,-0.004013649410263526,-0.0097604105234362,-0.07830220427312795,0.0009918845919046156,-0.04033551472345908,-0.08349252098614844,-0.1157125616149799,-0.07575935155047764,-0.05062922976353406,-0.09936377405651466,-0.005733661959805407
q1E,-0.07018538005476,0.030419825197728012,-0.04107114139082679,0.031528618158448804,-0.10837891623058744,-0.05401303691382044,-0.06833858629198353,0.0778803087700122,-0.04764861238883183,0.011939110405870439,-0.07336805152185888,-0.039000532277210946,-0.046325385760753894,-0.04854256120326664,-0.041229558129836336,0.07123774522667009,0.014858197292907296,0.062209664624044356,0.02362095389784472,0.0185001413288468,0.014371618194735904,-0.07954625221230291
q1F,-0.02596396785515196,0.02056845141497168,0.011736269691233793,0.10556687519373023,0.08371882439853663,0.030205891610366527,-0.0135279427329392,0.14316390102247809,0.0923013086441913,0.015035067450666276,0.11327463057020974,0.06033395442380326,0.11209814320810546,0.061051481169889524,0.09459209354585227,0.08336522023386819,0.04223022445837288,0.11014081941962796,0.07474619832816903,0.11082723075960009,0.022507690163976652,0.07410319697021381
q1G,-0.17996871635467973,-0.008829392872356593,0.0329002875804462,0.0020729868781606624,-0.013220420557768904,0.022690053438368548,-0.014916334781944594,0.09668602204171972,0.022148630324646458,0.01657813785810799,-0.05522527211389944,-0.10409804425175799,0.17252189780115473,0.1150306990556646,0.10067826512090337,0.10067092456523259,0.07343167816834227,0.05135612877888947,0.09635801495344314,0.011275458194105763,-0.012423459081186835,0.0034139409609637386
q2A,-0.05438237353707382,-0.05955088358586856,0.06286016945497644,-0.04959743941358854,0.09068966240892536,0.048833527343978354,-0.019267142883783873,0.02697957060462308,0.05511358229374575,-0.044111282139413,-0.08608570468668507,0.04664938543192289,-0.09783754417520299,-0.010430704590589587,-0.010121451777710498,-0.08179525033725345,0.01743094807716911,-0.04586878230206887,0.01898985069289236,0.029239828304032413,0.07440867437728987,0.10146405763992271
q2B,0.018684467353203674,-0.0692110749218758,0.14749513504538714,-0.06758835190759432,0.02973994676072792,0.06501925984185306,0.020490242560422256,0.021324881031398114,0.08227786838471134,-0.011742483533641936,-0.0032712889945601805,0.05141269209772082,0.04674081816459158,0.15999293328854816,0.03908171113467486,-0.01441120770173639,-0.01829180624918644,-0.025207005674662934,0.041643078892463735,0.07259321156546146,-0.03548301058329962,0.011883384803647428
q2C,-0.037545159895127266,-0.0133163281220981,0.1753935906242564,0.03538614134821445,0.05715279211993303,0.0025777104543075777,-0.038607362861255684,0.09745506472572243,0.07589964416244177,-0.05034756590691457,-0.09721858625666256,0.0015934704050114858,0.05539623827884991,0.06359841624871845,-0.014349774796994619,-0.058063223966751745,0.04572561751752111,-0.02672815024616456,0.04524725591598923,-0.0356286925336583,-0.007080478761516925,-0.005321454120531427
q2D,-0.022032045832343226,0.01715645028768065,0.022533422060879632,0.08391569910569492,-0.09207902856324057,-0.020717271003255853,-0.04938754273525462,0.028588015323462595,0.07504422683861742,-0.11068779430536486,-0.07636266611488467,-0.07644773193490112,0.11394577619125529,-0.017725943138265504,-0.07524288305846867,-0.04618550111624536,0.030216988032814987,-0.011570615060647509,0.022593723951994837,0.045437726783549105,0.02494625011615856,0.11131076198593864
q2E,0.005025531560935412,0.15890662739747768,0.08157389741858342,0.07955807851951913,-0.004409296417187805,0.008589920382521564,0.04232395068978757,0.061796040434330374,0.07183894185630098,0.061976696802979354,0.041233840797994234,0.10371019862765846,0.11434869975410153,-0.026471527048032018,0.03445460502629054,0.040111172808588474,0.14480414261342509,0.0960872727743622,0.0052229977529767106,0.09155158416934397,0.10345700053048279,0.20226889913076823
q2F,-0.011141745271433693,0.029869692660348526,0.11879715807036584,0.04418885164929683,-0.0002014259861842215,-0.011380717488978105,-0.009796134427838653,0.11098306913618833,0.15676120822002917,0.04078475940670013,-0.008251254489619395,-0.0032357973051702696,0.11629106632172076,0.09476314853496659,0.029484594147542544,-0.01992940012402261,0.04796009009079156,0.039416402943759435,-0.03810857296651888,0.047461185226211816,0.05383579086973692,0.012829881920962731
q2G,0.004703173410851791,0.008567957118807793,-0.06136625876278891,-0.02242514364667936,0.020202248165677054,-0.010892503502960706,0.019979360496660468,0.022917642787195658,-0.0025621559211961957,0.0640831341150601,0.1322464578266448,-0.01972448497941371,0.03331876661876738,-0.11676918874584644,0.014773347777481596,0.10506862851245051,0.03988285394664126,0.14468254042069426,0.11193629498138091,0.06092989909176249,0.08577803410083251,0.041647615191758566
q2H,-0.0828691447888763,-0.004906016462343433,-0.06345958993001853,0.07867721104195158,-0.017770426316845743,0.032160696624964534,-0.00662048127998652,0.08960091393710248,-0.025484692219082523,0.09843330721098534,0.1794948428498391,0.029064414456543057,0.13030553370327363,0.038113738006252666,0.04539436614808821,0.18252421181955403,0.02287176590345737,0.1794198016834258,0.09418346473655971,0.08998253798657499,0.034975427111117584,0.0723825070479687
q2I,-0.03522506656437449,0.055614778009907814,-0.041191557893001426,-0.02980368963182022,-0.15933141068020684,-0.11415561792083986,0.019805053066003747,-0.03986590054876034,-0.07351516583675924,0.024812121747327543,-0.02152149953022622,-0.03564035062660323,0.02277221315265957,-0.04952235097813843,-0.08104280075994724,0.054647638795434515,-0.040439203977688264,0.07449801577542906,0.05905381888714211,0.07970650140150244,0.04622956086285009,0.00010994674858110165
q2J,-0.0691967760125889,0.04215642881000948,0.0034478177050333274,0.10150319271581033,-0.06686466466305194,-0.018476391707746835,0.022912727232135457,0.005515958315895471,-0.042107216206724606,0.022335669125246545,0.0977480021851594,-0.02309986960370731,0.06354801627050434,-0.0627224821891606,-0.06750021891448756,0.027833459156138985,-0.016612796615797485,0.07140280303841345,-0.0783008503232314,0.07447657178800025,-0.04771907536419522,-0.05513644318899103
q2K,-0.048904831786913634,0.07008757884192852,-0.06693435067721816,-0.039028585492986524,-0.10597151918076603,-0.11295478600759434,0.01799543038965218,0.021258155376986623,-0.037049389339309714,0.02948283425911227,-0.010169224517403373,-0.029367741735151564,0.0016044661334138044,-0.007362849149994456,-0.0007225032827284844,0.06784026121757109,0.05165889450270928,0.12509603399289132,0.05953445900071262,0.03736615553929333,-0.02893439208427932,-0.0021267984329135414
