x,y,cluster,count
-2.8383756,-2.0700216,0,215
28.118214,-7.8132153,2,100
-50.837524,-10.569007,1,79
-51.511036,-12.781878,1,75
-51.511036,-12.781878,1,74
-51.689404,-10.209371,1,50
-2.859646,-1.9851581,0,43
-48.2707,6.0053616,3,27
-40.543934,-21.209702,1,25
-50.864487,-13.264809,1,21
35.496437,16.956465,2,17
-48.95128,-4.5089417,1,15
22.027521,32.17767,2,15
-55.444237,5.378988,3,15
-32.154945,-21.89522,1,9
27.09985,25.73196,2,9
-55.444237,5.378988,3,9
-39.8608,-16.564526,1,9
42.020718,19.943815,2,9
-48.95128,-4.5089417,1,9
-49.20422,-11.736132,1,8
-24.199257,-28.815222,1,7
-51.613476,9.610947,3,7
38.686176,22.67993,2,7
-39.8608,-16.564526,1,7
-40.543934,-21.209702,1,7
-38.924324,-19.934977,1,7
-25.769049,-27.793213,0,7
8.686218,35.85096,0,6
-7.733094,21.136106,0,6
-55.444237,5.378988,3,6
-55.444237,5.378988,3,6
-49.538364,-12.488751,1,6
-36.690647,-20.91874,0,6
-58.19278,8.472514,3,6
-39.263702,5.8702326,1,6
-32.81434,14.199454,1,6
-58.19278,8.472514,3,6
-51.613476,9.610947,3,5
-54.061054,2.087134,3,5
38.686176,22.67993,2,5
-56.902935,1.9761215,3,5
-21.864546,5.0922174,0,5
-58.19278,8.472514,3,5
41.362396,19.754284,2,5
14.827653,29.669836,2,5
-51.28968,-10.938613,1,4
-49.538364,-12.488751,1,4
-39.97837,-15.120471,1,4
-23.58296,-33.22994,0,4
-45.375156,-2.930677,1,4
25.818789,11.019217,2,4
-55.444237,5.378988,3,3
-44.325256,3.1533275,1,3
-3.5452628,28.28057,0,3
5.583354,-12.540575,0,3
2.340701,14.055104,0,3
6.432776,3.6054537,0,3
6.987975,3.1674838,0,3
7.8846426,-2.6515365,0,3
4.3670654,-3.2183404,0,3
10.076494,9.751429,0,3
-31.892174,-22.390722,1,3
0.06906839,2.887124,0,3
-0.8407259,17.676275,0,3
45.981956,-0.18503858,2,3
35.243076,-5.997746,2,3
3.6691992,12.213321,0,3
-15.824225,-7.9965506,1,3
-19.635332,-7.360911,1,3
23.401623,12.9921665,0,3
29.193867,1.761337,2,3
41.497364,18.946926,2,3
-23.104143,-4.970431,1,3
-13.479528,2.3370595,0,3
-17.457617,1.5725576,1,3
4.457432,-17.586235,1,3
9.58783,-23.132177,0,3
23.372572,13.177428,2,3
-30.365618,15.4170265,0,3
-9.896749,7.2713766,0,3
-22.877756,32.79155,3,3
-16.883104,10.428244,1,3
-20.050552,1.1581365,1,3
-1.3724294,18.30767,0,3
8.65509,-6.241632,0,3
-28.559639,-9.42629,1,3
48.248024,7.106085,2,3
-42.089977,7.3295126,1,3
-29.516401,-24.384068,1,3
-8.20514,-5.691391,0,3
36.451702,-11.5265045,2,3
-11.725788,-1.6474831,1,3
-25.374928,0.33574915,1,3
43.014732,0.25027925,2,3
-19.025246,5.585593,1,3
-54.061054,2.087134,3,3
-11.386215,-9.394675,1,3
3.846808,-2.5581586,0,3
46.869106,16.02086,2,3
26.915873,-7.7792974,0,3
24.617605,-6.4753356,2,3
46.69302,-4.2174325,2,3
-4.7659707,7.954113,0,3
-8.887019,0.3637045,0,3
35.916656,5.7903457,0,3
33.38649,2.5210292,0,3
6.7763724,8.472069,0,3
46.631504,15.998203,2,3
-9.403785,4.464778,0,3
21.364363,8.243412,0,3
1.2875557,-20.32063,0,3
-14.223458,-2.6472304,0,3
36.453938,5.214939,2,3
-12.576094,-11.706137,1,3
43.364204,17.419025,2,3
35.11588,22.783148,2,3
-17.695354,16.779686,0,3
-28.278854,-6.1838694,1,3
-28.220987,-5.843818,1,3
-10.498586,-18.340485,0,3
-3.0318818,18.288643,0,3
-34.976677,4.4248047,1,3
-27.232618,1.2015176,1,3
3.440945,-33.582645,3,3
34.95879,2.3341165,2,3
-45.936573,-9.836738,1,3
-30.560051,-0.4898402,1,3
-36.690647,-20.91874,0,3
-21.201504,2.4433787,1,3
-20.79324,-1.3248311,1,3
-42.280994,1.3238443,1,3
17.512726,3.4995332,0,3
-7.8956323,-8.916884,0,3
32.6851,18.016474,2,3
-46.433475,3.4738894,1,3
12.964409,-32.6739,2,3
-2.305111,-3.7478428,0,3
37.378456,11.044932,2,3
-4.3692408,-5.4425683,0,3
-32.413902,-5.2458096,1,3
-9.445555,-1.8603672,0,3
-52.975086,2.114979,1,3
42.423946,7.891131,2,3
-29.534697,-16.208225,1,3
-50.8065,-7.400809,1,3
-18.372793,11.572869,0,3
-38.924324,-19.934977,1,3
-8.987092,30.02045,0,3
1.281838,0.8530774,0,3
-22.746153,-28.89621,0,3
-18.124456,-26.784409,3,3
25.025867,-24.791542,2,3
41.473927,20.824236,2,3
12.373664,-34.561214,2,3
-55.444237,5.378988,3,3
-47.035538,2.4029741,1,3
-20.551361,-1.662469,1,3
-6.478313,6.4144807,0,3
-42.49734,-18.139193,2,3
-4.2958546,-3.2313936,0,3
-37.998295,-15.469648,1,3
35.505417,16.865234,2,3
38.553066,3.8284578,2,3
-8.690727,2.557067,0,3
-36.830074,10.379954,1,3
-0.1348502,-7.240023,0,3
-5.0641284,-0.162811,0,3
46.69302,-4.2174325,2,3
24.856009,-4.7588506,0,3
-11.379266,-3.9199815,1,3
-24.842215,-4.483194,1,3
16.991486,-2.4725757,0,3
-6.9862566,3.2144341,0,3
-35.846283,-3.6599596,1,3
-51.536213,9.331566,3,3
-42.77997,9.885493,1,3
10.497134,-0.5639611,0,3
26.866093,-0.70956504,2,3
-47.147854,5.5076675,3,3
26.917114,-0.7319858,2,3
-8.728313,-4.4959974,0,3
-20.404549,-5.8576913,1,3
-17.565344,15.73194,0,3
-8.840652,-3.9228318,0,3
-2.3699844,-4.817517,0,3
-28.658932,0.54407483,1,3
-55.258583,7.3433704,3,3
-1.9436479,-5.4033804,0,3
-24.701857,-9.144547,1,3
-25.228638,2.120255,1,3
-9.870814,-4.4360723,0,3
-18.179659,5.1151752,1,3
-3.0352185,-4.934134,0,3
-7.0624495,-4.2801857,0,3
-51.099895,-12.0166855,1,3
-2.0730243,-5.961444,0,3
-24.522043,-7.4962707,1,3
-28.575426,3.723598,0,3
-27.231976,-7.1118107,1,3
-31.673231,3.6324873,1,3
22.188883,14.378705,0,3
6.329522,1.0872458,0,3
-0.17985946,-2.894859,0,3
-12.504261,-3.258971,1,3
26.110096,-4.6941113,2,3
42.436363,21.755602,2,3
-9.263416,24.446667,0,3
-12.1170025,21.33865,0,3
-17.793903,14.205731,1,3
12.110121,-18.730007,1,3
-1.1073185,13.339544,0,3
-19.157152,4.6440473,1,3
-13.579341,-22.993921,1,3
-7.623831,-11.657427,0,3
-33.927837,-29.110125,1,3
28.75979,-3.1504009,2,3
18.081118,11.648815,0,3
-6.0700116,16.133804,0,3
11.912092,-3.964101,0,3
-16.440575,-17.339285,1,3
1.1965177,11.071932,0,3
-12.986633,-26.57911,1,3
-5.6100407,19.003258,0,3
-43.560555,-7.778136,1,3
-3.5073206,-19.271414,2,3
39.293324,-6.061481,0,3
-22.768377,32.307636,3,3
18.80279,1.2525615,0,3
-2.219118,11.488349,0,3
11.898619,29.470827,0,3
7.4340196,21.73898,0,3
-53.28915,0.44210172,1,3
31.809298,9.737141,2,3
-0.9331896,-5.013244,0,3
30.634197,10.70676,2,3
15.227286,13.416191,0,3
-54.495335,9.229551,3,3
29.166954,-6.977765,2,3
14.773507,2.5079875,0,3
-24.381723,6.0788445,1,3
42.31083,21.566744,2,3
-31.881847,6.2321587,1,3
-32.305622,-12.341029,1,3
8.703061,-4.8777223,0,3
-13.596058,-22.982878,1,3
-1.4571599,-19.714561,0,3
-22.877756,32.79155,3,3
-24.003897,-11.030486,1,3
10.286826,2.4010005,0,3
-28.442833,-7.4806275,1,3
-0.39037102,-7.7672286,0,3
31.378464,20.523026,2,3
-45.94153,-11.315831,1,3
-7.650067,-17.131762,0,3
-6.1041408,0.2769212,0,3
-40.202015,-14.495873,1,3
30.592373,-3.8208632,2,3
43.402927,9.356438,2,3
-12.003857,1.947287,1,3
0.77281165,23.246523,0,3
-5.902934,-6.705934,0,3
15.700893,6.178451,0,3
32.964367,8.62355,0,3
36.560955,18.387234,2,3
15.905002,3.3017895,0,3
17.311312,-14.843725,0,3
-55.63199,0.6003255,1,3
-10.744516,-10.362833,0,3
-18.183565,-3.8331244,1,3
-5.952064,18.926786,0,3
0.3767892,7.5955267,0,3
-8.481075,-14.2803335,0,3
-35.687523,-3.2970889,1,3
27.8271,4.278758,2,3
-22.877756,32.79155,3,3
-10.582633,9.745135,0,3
14.633115,22.175337,2,3
22.309278,16.373764,2,3
-8.027817,-0.55692005,0,3
-41.308796,6.6025925,1,3
-19.164248,-17.117777,1,3
29.066605,14.1460705,2,3
20.237482,18.615631,0,3
-32.910645,-28.683903,1,3
17.092619,12.668514,0,3
-27.804462,5.7526526,1,3
-24.110804,-1.985501,1,3
19.139923,8.086128,0,3
9.843116,27.211563,0,3
-31.382723,-20.327326,1,3
-31.600159,7.3490458,1,3
-23.52931,13.523809,0,3
9.304361,-14.384171,0,3
11.312001,-11.525184,0,3
3.6480925,26.388212,0,3
-5.194596,3.539695,0,3
-49.443535,-4.9586086,1,3
6.890787,-20.008009,0,3
-3.002229,33.102528,0,3
-4.9439507,16.25895,2,3
-33.205544,-28.625479,1,3
9.238733,-0.064020075,0,3
4.5126953,-16.699852,1,3
9.733017,4.035696,0,3
-27.1153,11.225017,1,3
-16.252935,24.419239,0,3
-25.841192,-7.6279073,1,3
32.106716,26.202728,2,3
40.608513,-10.1791935,0,3
43.26367,8.53475,2,3
28.31997,-5.2381644,2,3
-36.627735,-20.389448,1,3
-8.358559,32.390522,0,3
5.688629,-11.236929,0,3
-33.205616,-28.625553,1,3
23.611643,-17.040375,2,3
-8.369163,3.7545037,0,3
-33.21265,-28.680174,1,3
-19.53644,9.178376,1,3
-25.262962,2.127917,1,3
-9.041724,-5.2873178,0,3
-53.650696,5.613461,3,3
46.093975,12.271953,2,3
41.24376,12.76575,2,3
-44.11078,-7.9985766,1,3
-6.3316274,-15.340806,1,3
-27.085108,17.226744,0,3
43.591484,-3.575136,2,3
-14.072667,-4.4316397,0,3
-14.875752,-0.37442315,0,3
39.85673,-9.114016,2,3
42.533577,4.610891,2,3
45.15615,3.4848602,2,3
-17.087376,1.0737247,1,3
13.002521,-16.887196,0,3
-8.921103,-10.810551,0,3
23.668682,28.199156,2,3
-29.797817,-12.279698,0,3
48.228973,10.091223,2,3
16.606638,-13.191267,0,3
25.74442,9.575229,0,3
5.548562,24.459078,0,3
-7.677185,-15.230729,1,3
-30.887083,-1.7467316,1,3
13.284687,-2.8378086,0,3
9.207297,-25.213789,0,3
26.243855,9.578191,2,3
-2.1002173,15.749318,0,3
12.924424,0.007138208,0,3
-20.848722,8.220042,1,3
-15.602408,12.023044,1,3
-40.389553,5.959233,1,3
19.260818,24.757277,2,3
13.449943,-2.1010096,0,3
23.915009,27.267271,2,3
14.133549,-27.149199,0,3
40.906715,-0.60399944,2,3
-13.811483,13.928211,0,3
41.750328,3.705927,2,3
41.134663,3.2139475,0,3
39.900402,1.1283977,2,3
34.5468,-3.8435907,0,3
20.543715,-16.19076,0,3
39.91335,-0.095195524,2,3
38.779556,1.8535746,2,3
8.787256,-1.0622134,0,3
31.706387,-19.603138,0,3
10.226678,-14.694224,0,3
39.8104,0.6989247,0,3
-9.640541,-34.16391,0,3
27.612364,-2.5725148,2,3
19.622118,-5.282147,0,3
-6.06619,24.17165,0,3
-5.4972353,-16.545313,1,3
-6.2068934,-18.35327,1,3
-8.880654,13.884859,0,3
-18.571089,1.6806126,1,3
4.4981165,31.74895,0,3
-43.734455,-1.2253426,1,3
6.8735404,-19.981344,0,3
30.184423,0.3250625,2,3
40.878094,12.53126,2,3
-36.36965,-4.290718,1,3
39.587364,15.393991,2,3
-41.462643,-3.86569,1,3
-9.357579,-10.720309,0,3
21.340542,21.672468,2,3
12.309657,14.732105,0,3
-7.6144485,-7.752166,1,3
7.8453236,13.836813,2,3
37.416862,1.7251588,0,3
-13.628559,15.429848,0,3
18.376442,23.930637,0,3
16.473976,15.486843,0,3
-31.689285,7.030754,1,3
11.268534,7.360398,0,3
-53.092686,-0.08297278,1,3
-20.23401,20.70185,0,3
-22.583313,-21.615467,1,3
34.304142,15.191142,2,3
37.511444,0.13241905,0,3
22.279974,0.07625006,2,3
42.45282,19.548044,2,3
-16.168123,-12.023182,1,3
22.50022,-0.78230894,2,3
22.79707,-0.6911989,0,3
-26.344105,-24.952595,1,3
-20.648722,2.8785062,1,3
-12.583396,4.760824,1,3
27.633102,-4.3688045,2,3
-1.3165715,-23.18509,0,3
32.24107,0.84788626,2,3
6.5851474,15.744431,0,3
20.534664,-15.784265,0,3
-2.1573408,3.1143973,0,3
-24.207964,-1.4215236,1,3
1.0576239,-22.668285,0,3
-14.974137,4.649659,1,3
22.051775,-7.7076006,0,3
-2.8687956,-12.376461,0,3
34.494553,-9.554173,0,3
13.202794,2.4653556,0,3
1.2205894,3.3993526,0,3
10.8531275,-24.943024,2,3
-26.67468,-3.4071662,1,3
24.617722,0.31873435,0,3
-39.770046,1.4615349,1,3
38.099358,22.257187,2,3
-18.136452,-25.64775,2,3
-20.480427,-14.990039,1,3
37.63206,20.835522,2,3
32.362602,-9.768279,0,3
-8.425852,-22.339912,1,3
26.477264,8.248662,2,3
-43.962643,6.505949,1,3
29.560003,-11.299386,2,3
-1.9489291,-12.248971,0,3
28.115984,-6.7353787,0,3
-30.59896,-12.129922,0,3
24.460068,-9.382798,2,3
-6.8222284,8.779399,0,3
-30.88944,16.000298,0,3
-32.04899,-11.943663,1,3
20.982227,15.644779,0,3
-32.145924,11.373028,0,3
33.00983,-0.23655568,2,3
15.044506,-12.820073,0,3
4.5332875,4.0055265,0,3
14.643099,-14.604069,0,3
-29.88469,-11.912263,1,3
-51.37561,2.0373363,3,3
4.524132,9.577092,0,3
-28.756466,15.305191,0,3
14.413458,-13.260553,0,3
-1.3857589,3.7502134,0,3
12.494914,-8.968398,0,3
-11.038163,-2.8004122,0,3
-0.85658216,-2.783315,1,3
-39.236664,-9.5976305,1,3
-33.4191,-7.504482,1,3
-21.726648,16.345705,0,3
-28.800875,15.62561,0,3
18.408112,12.091455,0,3
-29.565052,15.734247,0,3
31.377958,12.060227,2,3
29.534426,12.6165285,2,3
-28.621113,10.442581,1,3
-55.18048,7.8998365,3,3
17.868406,2.8551307,0,3
11.721167,-6.066117,0,3
8.862183,9.485981,0,3
9.382457,-9.01529,0,3
5.915674,-2.4029899,0,3
11.050448,0.75945854,0,3
-9.489808,-0.33634037,0,3
27.290089,-5.0683613,0,3
-37.33982,-17.716967,1,3
8.5992365,10.271447,0,3
-5.931956,2.101709,0,3
12.4163475,-18.600721,0,3
13.114761,-13.855896,0,3
23.915121,-14.786374,2,3
26.93057,-2.66629,0,3
-39.00088,-8.9922695,1,3
-39.8608,-16.564526,1,3
-6.9096766,-5.585343,0,3
8.885485,5.4802604,0,3
-9.982093,4.8141384,0,3
2.7823236,19.503654,0,3
22.842962,-15.641386,2,3
0.46223712,13.333399,0,3
39.607246,14.968589,2,3
45.97135,11.786297,2,3
24.53692,-0.19668707,2,3
-21.822468,8.532746,1,3
11.816217,30.171715,0,3
-32.81434,14.199454,1,3
17.385632,-14.944304,2,3
-35.141724,7.9939003,1,3
11.939806,-14.520513,0,3
9.3270645,-13.633335,0,3
14.161831,-12.084698,0,3
-2.6503923,15.153646,0,3
-43.46725,0.66503066,1,3
23.313671,-4.3106046,2,3
9.407321,23.436825,0,3
10.726614,-13.390048,0,3
25.848104,-8.829186,2,3
19.064497,5.1894484,0,3
-5.679009,-23.889982,0,3
-2.876607,3.325467,0,3
-52.343605,-11.817588,1,3
35.065777,-0.025812123,0,3
-11.658507,-7.937562,0,3
-13.985229,-5.7836175,1,3
8.508894,-23.471582,0,3
7.9067698,18.327547,0,3
-3.1622894,-17.289762,0,3
42.260727,19.197014,2,3
16.319756,9.149295,0,3
-4.8897276,-21.329718,0,3
-42.163227,-5.022119,1,3
-4.068156,24.79925,0,3
38.13892,11.351956,2,3
2.8483129,13.374041,0,3
14.300781,3.6865797,0,3
27.045343,-6.1212845,0,3
-18.92106,-24.251171,1,3
22.619864,22.037867,0,3
22.609856,-8.5990505,0,3
38.738674,-13.21662,2,3
23.995,-6.9067492,0,3
-5.132381,-20.847458,0,3
-0.77957046,-21.572557,0,3
39.161175,18.279205,2,3
-50.19035,-10.091417,1,3
37.800785,7.7089305,2,3
24.489481,1.6208735,0,3
-0.86089385,-17.031992,0,3
-18.43496,-25.031046,1,3
11.721794,16.59164,0,3
0.2593791,7.6301713,0,3
-9.398903,-16.790668,0,3
2.5108938,1.3313715,0,3
-3.1273596,-13.705445,0,3
-36.39323,-18.842796,1,3
-33.57937,-12.081554,1,3
34.76486,-17.114088,0,3
-30.755466,-9.561541,1,3
-14.462668,-0.39290303,1,3
-36.220173,-7.93976,1,3
32.259884,0.5174832,2,3
-13.085491,21.294647,0,3
-2.862223,29.452625,0,3
-14.144926,14.154089,0,3
-3.0637772,-9.814658,0,3
-3.9152114,27.953798,0,3
24.18579,2.0547874,2,3
-19.768879,0.17634025,1,3
-23.43716,12.89426,1,3
-42.048656,6.1991363,1,3
-2.600589,33.19416,0,3
-33.948757,1.6747451,1,3
-31.46542,-1.678824,1,3
27.996002,29.576887,2,3
15.749129,4.175838,0,3
34.578667,19.425667,2,3
-35.71209,-6.668564,1,3
-38.700188,6.5706916,1,3
-37.18776,-9.485473,1,3
-13.749973,-5.9060326,1,3
-23.830168,-33.266712,1,3
27.9721,29.598295,2,3
-40.493904,2.5357301,1,3
-35.93772,-27.009045,1,3
-5.2526517,26.581596,0,3
30.493946,-8.839534,0,3
32.10714,18.208387,2,3
11.056396,9.786139,0,3
-16.226858,10.150149,1,3
-7.257099,21.651443,0,3
6.9718823,-5.9950213,0,3
39.058666,17.086031,2,3
5.6278515,6.2008843,0,3
50.420033,9.958685,2,3
-14.720461,-3.0768473,1,3
4.698856,-5.923998,0,3
27.312399,19.082542,2,3
-2.7414951,21.354101,0,3
-44.47526,-1.2316675,1,3
35.648502,-10.090089,0,3
-50.19035,-10.091417,1,3
24.709055,20.893,2,3
24.002523,7.7898054,0,3
10.325009,-33.564167,2,3
15.691226,-0.37538937,0,3
-2.246153,-23.82406,0,3
20.352362,2.5367324,0,3
-13.22104,0.3109437,1,3
-11.42551,21.36346,0,3
20.064497,-9.2645235,0,3
41.774723,-9.2655325,2,3
-7.7292013,-8.613927,1,3
22.863735,5.957992,0,3
24.006807,-8.223634,2,3
-48.95128,-4.5089417,1,3
-38.112553,-18.519466,1,3
-6.483569,22.091312,0,3
-5.203072,26.579082,0,3
21.653551,-10.410065,2,3
4.464759,-22.85448,0,3
-13.492202,-10.257671,1,3
8.546666,-6.898243,2,3
18.713469,-8.938886,0,3
32.07029,18.289465,2,3
25.109686,-9.958421,2,3
22.890226,19.36372,0,3
11.797846,13.275032,0,3
12.371766,11.228603,0,3
19.089314,-28.80147,2,3
21.036688,5.5211725,0,3
-6.6260834,4.383743,0,3
33.55239,18.503992,2,3
15.818508,12.709574,0,3
-1.5878671,1.3274027,0,3
22.892561,19.371696,0,3
6.5175147,10.9086275,0,3
40.735115,4.4752593,2,3
-40.000748,2.0084126,1,3
-13.076241,-13.55135,0,3
-16.439598,-3.5175512,1,3
-43.209038,0.13894632,1,3
-39.64897,-18.909477,1,3
-37.43016,-17.677525,1,3
24.39661,11.656123,0,3
12.109708,2.2063193,0,3
-13.831139,2.4563792,1,3
-4.806075,-21.64029,0,3
-23.624023,1.4569869,1,3
-1.7954569,9.711289,0,3
40.490845,-9.469593,0,3
10.492425,-32.59137,2,3
27.893755,8.377919,2,3
-2.2086174,-14.399401,0,3
-5.974612,-19.161966,0,3
-19.528017,14.308873,0,3
16.96656,-18.66255,0,3
48.97447,9.928193,2,3
-41.624794,7.011667,1,3
25.191103,10.847226,0,3
-16.465822,5.8611875,1,3
-25.864084,-14.952766,1,3
-18.135008,-15.898259,1,3
-1.2672285,-6.2189717,0,3
-12.603018,-7.516822,1,3
25.610962,-3.4267757,0,3
-31.497858,-4.353951,1,3
-24.37701,6.051723,1,3
-45.534393,1.8110056,1,3
-33.745396,-12.164944,1,3
37.95859,7.3989944,2,3
-17.453857,9.202254,1,3
30.171799,-13.71882,0,3
-21.665483,2.4192486,1,3
-14.319725,-20.690481,1,3
50.88531,10.474089,2,3
28.209751,-11.537638,2,3
-22.877924,11.142431,1,3
-44.325253,3.153328,1,3
-0.9724216,-4.474613,0,3
30.080908,-14.436723,2,3
-18.952816,-22.904417,0,3
12.407564,-34.50089,2,3
5.904876,3.0774288,0,3
-10.025931,13.485382,0,3
34.634064,20.024939,2,3
24.508284,-24.562864,0,3
10.96311,-33.146652,0,3
18.185926,18.337894,2,3
0.44990045,-29.395504,1,3
-22.023293,-0.61618054,1,3
-8.404463,-22.356731,0,3
28.142889,-14.459299,2,3
36.869854,2.927714,2,3
-25.79023,-23.16815,1,3
-22.153605,3.9535189,1,3
16.893583,-2.577046,0,3
-37.190628,-17.135944,1,3
2.4660163,-27.044735,2,3
9.793842,15.247864,0,3
-16.555677,10.773375,1,3
-30.81785,-16.2473,1,3
11.838289,-33.257545,0,3
-5.711587,-0.5534804,0,3
1.7376424,-25.32554,0,3
36.076725,-9.956513,2,3
36.288105,-9.55235,2,3
-26.311945,-24.767447,1,3
1.6925399,-26.573824,0,3
-0.19239244,-10.969286,0,3
38.77882,-13.382818,2,3
2.0823917,10.168178,0,3
-3.894945,-4.223072,0,3
41.336384,12.20193,2,3
17.809418,5.5147333,0,3
42.056065,-0.21249828,2,3
-39.419456,10.52079,1,3
3.2552755,5.8747435,0,3
43.384438,-5.1885395,0,3
-18.572441,-5.045059,1,3
-31.986073,-13.140633,1,3
-33.645233,-10.6611,1,3
2.720765,-5.549892,0,3
43.37649,-5.275588,2,3
23.023085,32.547157,2,3
-10.980771,17.562256,0,3
41.988087,6.464438,2,3
-36.285187,-7.144441,1,3
39.63801,-8.9744005,0,3
-11.0092535,17.455023,0,3
14.968368,15.465751,0,3
21.618149,-3.996398,0,3
-10.884945,18.083073,0,3
-16.33504,4.4866242,1,3
-40.36614,3.82284,1,3
36.613327,-8.813914,2,3
-16.336,4.4649243,1,3
24.383621,-24.502714,0,3
0.36923733,9.982095,0,3
36.63157,20.434963,2,3
12.115791,-32.86926,2,3
-23.565838,-6.7480354,1,3
-50.493576,-12.653538,1,3
21.604538,12.86087,0,3
-4.483859,-14.581325,1,3
-53.981506,-12.013012,1,3
-21.532469,-7.2090383,1,3
3.633529,2.839807,0,3
-14.85382,18.316406,0,3
10.787256,-24.944626,2,3
33.080975,-9.768322,2,3
-39.227577,1.0077131,1,3
44.26919,11.547556,2,3
-11.357493,11.421475,0,3
0.08026627,-13.078305,0,3
14.239435,11.864822,0,3
-3.262009,-17.235048,1,3
-18.96049,-22.950747,1,3
6.9954877,-15.835834,0,3
46.019775,11.234676,2,3
2.8625855,-10.124189,0,3
11.123833,2.9354897,0,3
3.8236737,-8.411944,0,3
27.808834,0.86645687,2,3
0.91198516,-28.940928,0,3
-8.252757,10.74331,0,3
-25.69881,-6.022299,1,3
43.02817,18.315422,2,3
16.051521,-17.066929,0,3
4.30377,-8.292168,0,3
-0.15481178,-17.505718,0,3
37.613754,5.9643846,2,3
-18.92106,-24.251171,1,3
18.802917,24.31872,0,3
44.42885,5.6411057,2,3
-40.487953,3.08165,1,3
-31.139109,-9.703322,1,3
46.383587,5.9103403,2,3
27.664082,9.7014675,0,3
-34.38412,-17.976538,1,3
38.98421,8.855779,2,3
40.84328,17.04597,2,3
10.427427,0.887993,0,3
9.837219,-5.085911,0,3
-5.0324383,22.147085,0,3
-9.563991,-8.123499,0,3
-31.02137,-7.1244874,1,3
20.442793,10.865129,0,3
30.566381,-0.37941176,2,3
22.734322,5.820789,0,3
-6.723186,31.848564,0,3
39.659634,3.1962297,0,3
-12.315324,8.171398,0,3
10.65629,1.1947484,0,3
-8.106627,-13.521297,0,3
27.88076,19.607283,0,3
32.84031,-5.705532,0,3
45.802795,-0.7292917,2,3
25.576412,-2.5841298,0,3
-35.079716,7.828974,1,3
22.053894,2.479402,0,3
25.153675,7.5934334,0,3
-19.17731,4.622604,1,3
-1.7101687,11.044533,0,3
-14.857398,-17.370995,1,3
-25.762545,-17.443775,1,3
-25.478703,-18.145588,1,3
-26.63955,-1.8754582,1,3
34.802513,22.44179,2,3
-37.98291,-21.165533,1,3
-35.844067,-16.699348,1,3
5.0953255,-4.711643,0,3
4.829479,-4.69223,0,3
1.7906176,-6.3783107,0,3
8.824154,35.86094,0,3
-29.184742,4.9435883,1,3
-31.575172,-9.515307,1,3
-28.114285,6.075372,0,3
-41.17991,7.822171,1,3
-33.07485,-10.433141,1,3
52.17535,6.053229,2,3
30.133785,-13.791583,2,3
1.6499726,-9.579249,0,3
-3.362505,-0.08938913,0,3
-31.252605,22.108196,0,3
22.897161,-3.188518,2,3
26.761854,11.095288,2,3
-34.77208,1.3195548,1,3
-16.53308,7.3504643,0,3
-0.24830468,-26.301546,0,3
4.6471295,3.5236518,0,3
-22.456545,0.78314465,1,3
-12.058071,12.015037,0,3
41.127796,15.361851,2,3
23.668682,28.199156,2,3
-52.22653,-12.427768,1,3
-3.835794,5.254853,0,3
11.603777,-10.97946,0,3
10.993376,21.633827,2,3
-3.940947,6.137252,0,3
-16.856672,12.3901205,1,3
-21.880795,-21.084583,1,3
-43.17049,2.1333203,1,3
-37.18805,-9.485477,1,3
-17.91842,3.625251,1,3
16.514223,-8.380904,0,3
-21.392212,-5.3592095,0,3
6.6313143,15.602457,0,3
19.169724,8.135812,0,3
-28.887959,10.342729,1,3
9.846804,-16.896746,0,3
-11.477731,-5.298866,0,3
9.32262,10.963038,0,3
-25.777071,10.453194,1,3
-41.01988,-1.1775719,1,3
-55.444237,5.378988,3,3
13.283937,22.017553,2,3
14.657845,20.14925,2,3
-3.02991,-6.9838023,0,3
-43.31139,-1.7287666,1,3
-11.724795,12.69208,0,3
-15.225313,-14.513209,0,3
19.489388,-14.733663,0,3
-58.19278,8.472514,3,3
28.720787,5.897359,2,3
-38.83839,-7.009224,1,3
-51.422043,1.6373338,1,3
11.107458,-3.675765,0,3
3.0696974,-11.674435,1,3
13.90048,8.072739,0,3
16.482384,-4.842373,0,3
-14.144926,14.154089,0,3
-45.69839,2.055647,1,3
-2.267092,18.277788,0,3
9.895707,13.176991,0,3
3.5949783,-4.198387,0,3
-22.19919,-12.556811,1,3
-9.646533,-34.167892,1,3
-3.5943599,33.02465,0,3
39.014996,-0.81015927,0,3
28.71343,-0.39867023,2,3
-31.52531,-0.19268443,1,3
19.567762,15.206702,0,3
10.431676,-22.821957,0,3
9.637678,-10.092886,0,3
26.225279,-7.4544525,2,3
-38.00025,1.5760971,1,3
-9.05493,10.909118,0,3
-21.073694,-19.106888,1,3
7.544415,13.4000845,0,3
0.8217565,-24.005234,0,3
17.136139,4.531189,0,3
-19.679756,-13.716026,1,3
-44.037514,6.6800804,1,3
-11.559987,-6.4675846,0,3
5.8388205,1.044139,0,3
-30.770655,-4.00654,1,3
19.381392,-10.673947,0,3
-30.749035,-16.232447,1,3
18.315704,-12.669072,0,3
-56.810036,6.9680614,3,3
13.953374,-2.0301483,0,3
-6.3203154,-17.246403,1,3
-21.353462,32.66304,3,3
-44.51273,4.4708,1,3
4.579408,19.32812,0,3
-49.830673,-11.462805,1,3
7.3519783,17.549328,0,3
-16.076466,-1.3288089,1,3
13.934534,-10.527863,0,3
-9.518999,-3.7021966,0,3
29.340078,-1.6902785,0,3
22.366201,-17.251648,2,3
13.565591,-12.133378,0,3
20.699919,-11.438439,0,3
9.839311,13.075112,0,3
32.247482,-2.355463,2,3
36.67881,-1.2840889,0,3
28.80871,0.420838,2,3
9.647463,17.675154,0,3
15.953765,2.6173944,0,3
-2.0162938,-9.249666,0,3
-16.363436,-9.833441,1,3
-10.583877,-8.746834,0,3
25.181433,2.1746204,0,3
-5.977235,11.185091,0,3
-40.591797,-22.201847,3,3
-1.3408461,20.508806,0,3
-22.123877,0.17055948,1,3
-40.70528,-18.225466,1,3
-33.5741,-13.741118,0,3
-54.061054,2.087134,3,3
-16.709259,13.978463,1,3
-20.053274,-4.5677795,1,3
31.644241,-20.147732,0,3
-3.944079,9.463916,0,3
25.210915,8.531082,2,3
5.7147512,6.247459,0,3
0.57857174,-15.141586,0,3
40.60238,17.226337,2,3
36.794212,-7.928632,2,3
0.99835753,-23.51052,0,3
-29.327684,-10.6803465,1,3
40.601723,10.048151,2,3
52.27307,16.552359,2,3
-16.257227,-34.235413,1,3
-22.84314,-3.1886435,1,3
12.61708,16.412537,2,3
26.447002,-11.832493,2,3
-17.834293,2.183906,0,3
-0.31710735,-28.542809,1,3
-14.85382,18.316406,0,3
-27.529642,9.619283,1,3
-7.3076363,-10.10549,0,3
-12.077614,-3.886927,1,3
7.232889,-9.677035,0,3
16.188927,-18.369867,0,3
20.538382,0.36478674,0,3
18.584984,-16.597202,0,3
-30.263897,-4.725934,1,3
1.1654234,-8.454825,0,3
-19.70302,-1.9537152,1,3
-6.2510014,5.5748034,0,3
13.4607315,-27.908644,2,3
52.422245,16.730291,2,3
-16.58905,-11.040899,1,3
-9.971239,-12.575595,0,3
0.7420604,15.535578,0,3
41.526882,7.123817,2,3
6.059886,-12.868901,0,3
-2.130126,5.0116677,0,3
40.24079,1.9363861,2,3
8.619277,6.633364,0,3
-1.7093723,34.64479,1,3
8.76952,8.50513,0,3
9.837292,-15.573321,0,3
30.478489,2.8340554,2,3
44.871082,11.531507,2,3
9.136227,21.753695,0,3
-7.8101363,1.2403828,0,3
-43.49773,3.5757704,1,3
5.3322225,16.0302,0,3
35.341114,7.54087,2,3
-28.949345,-3.9634445,1,3
18.156431,17.00617,0,3
-31.652992,0.025190234,1,3
23.111038,-8.024231,0,3
-48.474445,5.1107,3,3
17.504263,16.045094,0,3
-15.189719,-4.661176,1,3
-4.9644394,-11.342175,0,3
16.30922,18.620068,0,3
14.201438,-5.2098255,0,3
21.931614,-5.2281704,0,3
35.44723,3.9632897,0,3
8.160433,1.1592097,0,3
1.7270703,25.428747,0,3
-5.574703,-15.440575,0,3
39.26363,5.320383,0,3
27.555218,-10.070696,2,3
-24.389482,6.0952306,1,3
-37.65873,-18.8213,1,3
26.690594,18.766193,0,3
4.93704,-7.8044767,0,3
16.676832,-11.458488,0,3
14.781031,7.8431926,0,3
-10.404394,1.3733765,0,3
-33.312,2.3728402,1,3
-29.437717,4.736841,1,3
-44.69187,0.19384326,1,3
0.8082571,-1.1280624,0,3
-5.1009593,14.911848,0,3
-27.950346,-15.39269,1,3
31.729559,14.200002,2,3
28.605959,22.985046,0,3
22.027475,32.17801,2,3
21.133657,14.916087,0,3
-48.2707,6.0053616,3,3
26.04982,13.415991,2,3
34.428738,-4.565312,2,3
-24.836342,26.72047,3,3
-23.788197,24.053207,0,3
45.460217,11.519737,2,3
22.893906,-6.508458,2,3
12.429123,2.0996602,0,3
7.661381,20.724916,0,3
5.085321,-0.5951211,0,3
-50.57119,-6.662546,1,3
-19.938961,-10.891397,0,3
-38.787327,-16.176006,1,3
6.9453754,0.09977625,0,3
0.9545148,-2.7703927,0,3
18.687021,-6.621269,0,3
0.3001317,-8.940622,0,3
-29.528847,-5.497953,1,3
-33.651634,3.8530662,1,3
-40.89458,-1.2618501,1,3
24.677166,-8.050547,2,3
25.208065,5.0929914,2,3
28.304457,2.5844338,2,3
-46.120617,3.0882273,1,3
-38.112553,-18.519466,1,3
35.22448,-16.92343,2,2
-28.005991,0.83444244,1,2
-8.373062,12.366873,0,2
5.404281,11.184714,0,2
-50.10483,-13.1667185,1,2
16.582155,-4.982923,0,2
-22.768377,32.307636,3,2
-3.667055,-6.010218,0,2
0.08742725,-6.001444,0,2
-15.8073845,2.330743,1,2
-29.93437,3.2162888,0,2
-20.065123,21.302547,3,2
5.5278716,25.707376,2,2
6.664091,-29.220795,2,2
13.259932,-7.6513667,0,2
15.064211,-0.5441417,0,2
6.828297,-7.5578547,0,2
15.673502,-11.514053,0,2
10.717982,-10.107074,0,2
-3.3491836,6.707446,0,2
10.054473,-2.4940019,0,2
26.70247,-11.688757,2,2
2.1707957,5.7805724,0,2
36.6013,12.580893,0,2
1.6333966,7.5079174,0,2
2.9151273,5.204515,0,2
32.750175,-7.523947,0,2
4.9699435,-23.598434,0,2
0.70753753,15.564497,0,2
7.163618,26.231136,0,2
8.974133,16.448582,0,2
20.989178,15.484959,0,2
22.30072,10.810579,2,2
-9.364009,-25.74252,0,2
7.2232933,9.04896,0,2
31.11086,-2.5402915,0,2
1.4674046,25.369968,0,2
23.128399,4.4167066,0,2
-26.939947,17.315842,0,2
6.292886,23.76969,0,2
16.583858,-3.670656,0,2
8.901854,-5.3185987,0,2
-0.590014,1.5409932,0,2
-10.283938,-5.3383436,0,2
-24.42305,-16.984737,1,2
35.447243,10.152892,2,2
48.670547,8.012343,2,2
0.44324514,-30.088856,0,2
-1.9142836,20.347862,0,2
14.899967,9.993235,0,2
-7.6613483,3.60218,0,2
7.353829,2.8914416,0,2
15.807984,-16.73365,0,2
-43.766342,1.7021284,1,2
9.478742,1.2842227,0,2
3.4373922,12.021367,0,2
2.901705,-0.25267085,0,2
21.829006,6.4970384,0,2
28.385721,-5.4436707,0,2
33.659153,-1.7799144,0,2
-12.880187,-8.983952,1,2
8.977199,17.773237,0,2
20.788137,4.410109,0,2
30.46824,-5.213252,0,2
4.3778214,-1.6909275,0,2
18.89127,-0.86698025,0,2
-19.887583,-5.884969,1,2
7.7692213,-11.256264,0,2
11.139611,5.237717,0,2
-1.812672,15.973611,2,2
8.592417,-17.392569,0,2
5.864824,18.997086,0,2
6.428035,3.5774825,0,2
7.3984094,18.014332,0,2
5.331443,21.261358,0,2
-8.008659,5.660793,0,2
-17.459904,-7.05358,1,2
27.694515,-20.727251,0,2
0.54896986,3.9492495,0,2
-9.043548,15.648784,0,2
-37.953327,-18.90392,1,2
7.377132,-2.9707358,0,2
3.5376153,24.092201,0,2
-7.830129,7.506833,0,2
-10.578554,-3.6299706,0,2
3.3647037,15.676783,0,2
0.9539991,-20.911737,0,2
-14.469254,-9.227905,1,2
11.08611,-7.1566257,0,2
-1.65442,-9.623939,0,2
11.206978,11.143389,0,2
24.430069,33.155815,2,2
-1.4226582,-23.668001,0,2
-1.0571904,-24.29315,0,2
11.719647,13.328538,0,2
-26.620617,10.395278,1,2
-42.052883,-17.687817,1,2
-4.556879,27.760569,0,2
44.896988,6.96081,2,2
44.373135,4.637442,2,2
50.240486,7.630818,2,2
-8.470041,18.777824,0,2
-8.510897,18.64037,0,2
12.779221,-18.465952,0,2
50.97557,9.661238,2,2
10.9590845,-30.558813,2,2
11.391786,-16.246012,0,2
-8.643905,-17.974428,1,2
17.07439,-11.392011,0,2
18.138353,20.764828,0,2
43.28272,-3.6459565,2,2
-21.841208,-21.021902,1,2
-4.958217,-12.703712,0,2
-31.237507,-5.74355,1,2
-32.27904,-11.376803,1,2
-7.353287,2.8000076,0,2
-38.924324,-19.934977,1,2
-36.772335,-12.113309,1,2
22.160929,-17.760883,2,2
14.184192,-16.646006,0,2
16.126831,15.7167845,0,2
3.0636563,15.262962,0,2
-3.2145436,1.4791665,0,2
39.317963,19.808115,2,2
-12.063296,-16.593029,2,2
-7.3068976,22.601612,0,2
9.061278,-11.835953,0,2
4.891819,14.296168,0,2
-29.44393,-1.7275939,1,2
39.904694,12.167825,2,2
-12.042503,-16.236427,1,2
-10.945628,-20.884794,0,2
22.027475,32.17801,2,2
30.211687,4.7136497,2,2
24.823978,-2.2336004,0,2
-8.12556,-3.066563,0,2
-15.098526,30.354765,3,2
44.946903,18.543652,2,2
43.80081,3.793839,2,2
-25.769049,-27.793213,0,2
39.737587,6.324917,2,2
40.780117,7.7666593,2,2
12.3171425,-0.21575138,0,2
-32.14107,-3.0370576,1,2
14.497021,-9.593068,0,2
-23.088179,-33.627728,0,2
27.973581,-17.381252,2,2
-23.152481,-32.568123,0,2
1.524165,2.8703153,0,2
16.33788,-12.706053,0,2
20.25668,-19.679834,0,2
-5.121576,4.3109345,0,2
3.8725748,-16.590694,1,2
-5.0568843,-27.376577,0,2
2.7598045,-2.2942111,0,2
0.004003587,-1.5861905,0,2
-12.776161,0.87049073,0,2
-26.344105,-24.952595,1,2
-5.5300517,-4.70456,0,2
-1.9704084,-36.358765,0,2
51.951443,11.681127,2,2
51.991024,9.423421,2,2
23.533972,-0.9617186,2,2
53.720608,9.868424,2,2
52.60435,8.714823,2,2
11.90134,29.38887,0,2
52.725357,9.788877,2,2
53.654743,9.96252,2,2
51.660984,8.778939,2,2
-21.357494,11.884409,1,2
-38.705074,-2.634548,1,2
-0.36558098,0.15849797,0,2
7.3166885,4.5918493,0,2
11.520333,-1.6052649,0,2
-49.307884,-11.085355,1,2
-1.3601328,1.0284765,0,2
-21.133862,-3.3769214,1,2
4.4293323,-3.3612492,0,2
-9.776337,-6.4539495,0,2
24.892078,15.766924,0,2
16.362083,-14.118053,0,2
-51.629925,-11.879809,1,2
27.84006,4.4052563,2,2
20.365608,-8.96689,0,2
47.15256,8.620111,2,2
3.022437,-6.681252,0,2
3.6207347,-8.793032,0,2
-1.549331,10.667595,0,2
12.438076,36.762447,0,2
-4.904752,-1.9867026,0,2
24.81386,-3.1942167,0,2
-8.382515,-29.501713,3,2
-47.252617,-9.901951,1,2
-6.426041,-24.150684,1,2
-14.351128,10.286621,0,2
39.018124,9.736768,2,2
7.0786777,25.012222,0,2
-47.755806,6.9165707,3,2
4.9320097,-23.686722,0,2
-46.56927,8.684661,3,2
7.1327443,-0.7434013,0,2
31.839369,-7.984184,0,2
-50.97313,-9.799751,1,2
-29.68453,31.268883,1,2
-29.650019,31.28498,3,2
-36.37587,-26.90215,1,2
32.687157,13.415091,2,2
46.27926,16.011805,2,2
37.85729,3.4506428,2,2
40.37961,-2.4513464,0,2
-5.4452167,-7.404134,0,2
37.0443,16.049335,2,2
-52.267437,-1.5687804,1,2
38.595234,0.5362691,0,2
-27.001778,-12.265564,1,2
38.135857,2.8607957,2,2
-34.38577,-1.9133232,1,2
-53.650696,5.613461,3,2
27.135511,6.2824774,2,2
-26.183521,4.04076,1,2
-12.420237,-5.446596,1,2
25.76907,6.944903,2,2
20.478746,-4.4258914,0,2
-11.535459,14.533293,0,2
28.027845,14.160878,2,2
13.690249,5.178688,0,2
11.349476,4.3186464,0,2
-10.465808,-13.813368,1,2
1.7434647,-0.9026776,0,2
-9.782647,-13.426203,0,2
5.769773,19.672464,0,2
-23.284344,-5.1454015,1,2
-7.0216546,9.671704,0,2
-7.8983464,32.757042,0,2
-36.48375,-15.6079235,1,2
-19.801708,-8.918774,1,2
-26.326912,-2.561664,1,2
34.622536,1.6627269,0,2
8.479498,-2.7711618,0,2
40.389236,-3.0041103,2,2
33.69069,4.776717,2,2
34.096214,3.8380504,0,2
24.123135,10.658557,0,2
23.662638,-9.823271,2,2
29.114105,7.4498706,2,2
38.704,10.935457,2,2
38.307045,-1.521196,0,2
-21.133053,-18.748205,1,2
-11.515042,-9.353021,1,2
-39.188797,5.598541,1,2
8.790444,-23.509624,0,2
-2.8260748,22.869827,0,2
-30.758574,-1.3413492,1,2
13.130318,24.595802,2,2
8.896139,20.09727,0,2
3.9210436,-33.66706,3,2
-50.107727,-10.900591,1,2
9.910944,35.93544,0,2
35.22952,15.356246,2,2
13.252676,-30.407635,0,2
28.476524,11.265429,2,2
29.256811,-3.8120584,0,2
29.613272,8.870943,2,2
-16.740685,5.6280756,1,2
2.5267975,-8.818052,0,2
23.593616,-11.132454,2,2
-18.08391,-8.462922,0,2
51.991024,9.423421,2,2
20.115358,-29.702984,2,2
-5.3384943,2.5316892,0,2
33.903637,7.3700385,2,2
37.4591,-4.365895,2,2
-13.121483,-24.231459,1,2
-21.113838,-18.306103,1,2
36.620777,17.309666,2,2
52.288662,16.530388,2,2
-2.9151728,-26.868963,0,2
-38.102783,-0.22387835,1,2
47.98975,10.221886,2,2
34.207195,-13.593641,0,2
25.84474,18.716171,0,2
-30.578178,-0.61546654,1,2
2.247763,-3.7918146,0,2
-11.440295,16.378227,0,2
30.990677,26.04001,0,2
-3.157571,-1.3661917,0,2
-21.918726,-10.556756,1,2
-39.624657,8.735593,1,2
-16.32181,14.472621,1,2
-7.7257247,31.751064,0,2
-41.290607,-3.9037094,1,2
-6.0002475,11.095902,0,2
-4.7505937,-25.286541,0,2
9.037952,-31.13415,2,2
-11.362781,6.292911,0,2
25.510157,2.6261637,2,2
-22.877756,32.79155,3,2
4.4497256,8.64029,0,2
4.035191,0.86079186,0,2
4.7412853,7.8756466,0,2
5.3219223,-17.263624,0,2
38.444736,14.08235,2,2
1.5686741,-4.9493217,0,2
-46.68626,-12.042652,1,2
-56.557663,2.1901145,3,2
3.1109986,-0.35943255,0,2
15.714394,-26.198565,2,2
40.722874,20.471819,2,2
7.7949376,11.418699,0,2
2.9904778,5.2567377,0,2
2.5807173,-4.1000733,0,2
30.088646,7.977857,0,2
30.66961,1.9165597,2,2
14.81692,-16.906301,0,2
15.241077,-10.701602,0,2
20.998785,-17.63357,2,2
-46.784763,-8.317402,1,2
22.420774,-14.348017,2,2
31.637886,16.362486,2,2
-27.298416,-4.7710667,1,2
-17.779047,11.038145,1,2
-31.874994,-10.692112,1,2
4.830881,21.9789,0,2
-32.686306,-1.6771113,1,2
-25.544334,-25.240099,0,2
-4.100832,-18.73766,0,2
-30.381222,2.633276,1,2
-26.314388,-2.2905533,1,2
-29.038197,-16.74215,1,2
-36.633568,-6.8443546,1,2
-37.74674,2.99778,1,2
-37.93491,-8.469483,1,2
-4.0042825,-8.17077,0,2
-17.940666,-7.1257343,1,2
-18.0061,-1.2704538,1,2
-50.1448,-11.894657,1,2
28.8868,7.3944416,2,2
-14.550107,13.328968,0,2
-20.90881,11.683469,1,2
-43.139996,-17.373444,1,2
25.881062,0.8678604,2,2
-7.5206823,-17.438814,0,2
-26.564724,-4.6548448,1,2
-37.059444,4.898491,1,2
-15.602417,12.022732,1,2
-36.5002,-8.918545,1,2
-38.404404,-2.7179344,1,2
-30.312525,21.122952,0,2
-33.875404,-7.9483404,1,2
-12.916269,13.061895,0,2
19.90373,30.151148,2,2
-48.2707,6.0053616,3,2
-48.666862,-15.8195915,1,2
-44.32661,3.1552458,1,2
22.303528,-11.914878,2,2
17.847097,4.9460607,0,2
8.258943,15.648729,0,2
11.9598875,19.863745,0,2
3.328064,-15.915389,0,2
-22.268759,-15.665918,1,2
40.035805,20.297132,2,2
41.334152,-1.636613,2,2
25.695086,4.7775507,2,2
-27.666761,-25.202469,1,2
-24.461847,32.52468,3,2
51.951443,11.681127,2,2
7.6221576,-9.520037,0,2
-6.4983287,-12.513181,0,2
9.570312,19.851574,0,2
-9.404167,-14.869104,0,2
-12.255983,-24.198774,1,2
-8.290876,-29.256573,0,2
-8.029566,-12.099701,0,2
5.4491463,-2.9390066,0,2
39.560226,12.619568,2,2
0.44428048,22.773008,0,2
-14.906595,30.222977,0,2
11.1690445,-23.275803,0,2
30.151745,-9.272465,2,2
-26.792612,-12.383965,0,2
-11.048525,-20.954739,1,2
0.20441592,-4.599145,0,2
50.24313,-1.4504157,2,2
19.879284,-29.432362,2,2
21.347471,22.539787,2,2
1.7622353,20.943342,0,2
32.597122,12.531964,2,2
-6.307122,16.754116,3,2
-50.66979,-11.336796,1,2
-51.515945,-11.393678,1,2
47.19845,-7.700473,2,2
-31.288357,22.136095,0,2
31.256306,-1.6233282,2,1
-22.768377,32.307636,3,1
-1.7093723,34.64479,1,1
1.3565367,10.458485,0,1
-52.304596,-1.4837973,1,1
-55.510235,0.31026968,1,1
36.29019,0.9950033,0,1
-0.63164693,13.70126,0,1
16.744333,9.89068,0,1
10.986129,17.095068,0,1
35.404587,-2.0637863,2,1
-15.926968,-5.277644,1,1
-42.27487,6.3871784,1,1
2.6911423,-10.690384,0,1
-18.223124,6.8183055,1,1
-3.0538974,-12.377828,0,1
-4.2440047,-26.528967,0,1
5.0337124,16.989576,0,1
6.9253817,21.293694,0,1
34.260254,6.1624207,2,1
5.0454655,-11.718346,0,1
37.350822,12.727497,0,1
-24.0393,-3.1414719,1,1
-22.455778,-1.794277,1,1
-46.015896,-12.593456,1,1
-20.369097,11.281764,1,1
-41.62483,-17.47749,1,1
29.785439,-2.6947722,0,1
12.338587,-15.590056,0,1
-42.121017,8.556176,1,1
-14.144926,14.154089,0,1
14.617549,29.682907,2,1
13.536983,37.091717,3,1
-1.8254656,7.4815035,0,1
9.0507345,2.6030424,0,1
0.88770515,19.002728,0,1
12.821283,0.56270635,0,1
34.123096,3.1653054,0,1
27.376583,-7.9673657,0,1
10.033047,7.832496,0,1
13.398476,-1.5109977,0,1
-23.94431,31.320982,3,1
7.3687563,11.657621,0,1
-9.25068,-6.8594847,0,1
-9.8491535,13.28967,0,1
-1.2734858,-29.425625,0,1
7.4048057,19.85168,0,1
-5.100919,-10.991444,0,1
23.221502,5.1736293,0,1
-21.585241,34.430447,2,1
-19.317448,2.9846585,0,1
-20.148085,8.270735,1,1
-9.089875,33.12005,0,1
28.712229,23.075851,2,1
-58.19278,8.472514,3,1
-50.66979,-11.336796,1,1
8.179959,-14.603415,0,1
-7.804675,6.0681505,0,1
7.479569,24.927174,0,1
26.28749,-14.426874,2,1
-11.390942,2.6739938,0,1
-17.444553,-19.706821,0,1
12.056568,19.85498,0,1
25.455204,23.085882,0,1
31.062994,8.57297,2,1
32.835915,21.75529,2,1
33.946953,11.173266,2,1
-9.884049,-25.42049,1,1
8.723625,-30.65903,0,1
-5.04485,-9.686153,0,1
15.394705,8.945316,0,1
13.436378,8.729287,0,1
32.59522,6.4851375,2,1
19.345816,25.010172,2,1
-51.689404,-10.209371,1,1
-3.7768993,12.561891,0,1
29.316639,10.032182,2,1
-36.63041,20.976997,0,1
37.074764,21.34831,2,1
19.228697,12.331967,0,1
20.174196,-16.608315,0,1
-36.648872,21.298672,0,1
6.7302513,24.14445,0,1
-28.903025,-20.643724,0,1
-28.8894,-20.626026,0,1
-15.601948,12.022829,1,1
31.676943,3.6481643,2,1
-24.86169,26.646666,3,1
30.362925,4.481356,2,1
-36.650005,21.484396,0,1
32.817432,26.334648,2,1
22.182365,-16.255867,2,1
11.3364525,0.5650281,0,1
20.237934,-5.910959,0,1
12.45224,-13.348263,0,1
21.58739,-6.1976175,0,1
23.822708,-6.0616393,0,1
21.605345,-5.673482,0,1
-39.624783,8.827101,1,1
16.053734,-7.8300347,0,1
-14.77253,18.534618,0,1
-5.1344213,4.608507,0,1
47.11147,2.1001182,2,1
28.08778,11.995626,2,1
11.767147,4.2856803,0,1
39.924305,20.19037,2,1
16.154854,-9.87777,0,1
-9.200763,8.882311,0,1
-50.64291,-12.201925,1,1
46.712696,-3.6432621,2,1
27.657114,17.145699,2,1
-23.551107,34.256622,2,1
22.07835,-12.515136,2,1
12.4795065,-4.1306744,2,1
-11.17503,2.9823818,0,1
-37.46804,3.804502,1,1
25.436054,-16.352543,2,1
9.811975,23.857233,0,1
-15.891846,8.733154,1,1
0.77661866,1.0471646,0,1
20.831766,-2.3941033,0,1
-21.570913,30.747559,3,1
16.261992,17.17728,0,1
-14.351128,10.286621,0,1
10.396701,18.473042,0,1
-17.489697,-11.426059,1,1
-47.605835,-11.365027,1,1
3.7148664,-11.895362,0,1
22.40566,-5.277886,0,1
-44.32661,3.1552458,1,1
-1.6635706,-7.5070405,0,1
25.807476,-14.518129,2,1
-40.9197,3.3229537,1,1
28.666243,11.507376,2,1
-49.44353,-4.9586086,1,1
-56.810036,6.9680614,3,1
11.355082,21.021278,2,1
5.8484106,-33.927082,2,1
4.594587,20.664173,0,1
-25.707897,24.921532,1,1
46.49351,-1.8477794,2,1
35.065453,8.6340885,2,1
12.536372,36.790737,0,1
-37.512985,4.0354223,1,1
2.585997,20.287975,0,1
49.317963,-1.9937989,2,1
5.8798714,-33.932858,2,1
4.3816686,-33.724926,2,1
15.855033,12.707548,0,1
38.68618,17.172363,2,1
31.337154,6.6112814,2,1
-49.452988,-10.484785,1,1
7.6322837,24.737843,0,1
13.915542,-35.10472,2,1
-8.321209,-19.260975,0,1
36.27568,4.067528,0,1
-35.627758,-3.2040064,1,1
20.655005,-13.993596,0,1
7.6934896,7.18665,0,1
4.98859,-16.21698,0,1
-22.66229,9.48365,0,1
-31.39847,-20.204887,1,1
30.702211,-6.0035615,2,1
-17.772865,-18.947853,1,1
-17.6878,-20.7663,0,1
-14.202288,-7.628996,1,1
17.252531,0.34160778,0,1
-1.9672749,-36.36044,0,1
-20.497076,-15.341436,1,1
-25.467102,-17.256979,1,1
-24.199095,-12.641483,1,1
6.2709284,-9.695183,0,1
-30.011532,-6.0963373,1,1
-29.664145,-6.5286674,1,1
-29.415123,-9.252804,1,1
6.4565606,12.708268,0,1
-7.164494,-2.0651743,0,1
-5.9585958,-3.9631906,0,1
18.03676,14.311376,0,1
-12.739126,-0.6046401,1,1
-29.30207,-4.8303866,1,1
-3.9252224,-14.103122,0,1
-55.37652,1.8119214,3,1
8.205512,-13.542868,0,1
-12.888231,-9.199898,1,1
-11.328617,-0.03703455,1,1
3.228263,-15.173514,0,1
3.6525095,17.157352,0,1
-20.836637,-6.843247,1,1
2.7750063,9.210496,0,1
31.980047,19.903418,0,1
8.324328,-15.596759,0,1
-15.066184,8.912305,1,1
-44.34617,1.835932,1,1
-29.597498,20.209888,0,1
31.470839,26.108416,0,1
-45.101757,-0.3670128,1,1
-23.388819,-3.1115437,1,1
-26.035542,-10.221196,0,1
-30.74337,17.405087,0,1
-6.6783323,-2.4603808,0,1
-15.108268,-6.292651,1,1
3.7399852,23.222818,0,1
-15.086127,7.988364,1,1
-34.53404,-3.3451118,1,1
35.623016,14.623451,0,1
-25.199865,-14.370274,1,1
-10.886387,-7.231402,0,1
-52.549046,-14.803823,1,1
9.657208,-11.045854,0,1
-28.010788,-15.4171715,1,1
-52.324776,-0.34308115,1,1
6.700714,-4.1635528,0,1
3.8299725,19.27871,0,1
24.625849,-11.965003,2,1
24.7033,-15.17053,2,1
4.8553424,18.39533,0,1
-25.147387,-32.54406,1,1
11.191608,-7.1687407,0,1
-37.65873,-18.8213,1,1
3.8326595,8.721868,0,1
-6.23914,8.663766,0,1
13.781633,4.403998,0,1
9.268154,-14.834064,0,1
-43.555637,-2.2857134,1,1
-1.0376496,-22.070316,0,1
23.737219,9.558905,0,1
-39.93943,0.58316094,1,1
20.215174,-7.4814363,0,1
-26.219746,-9.181259,1,1
-14.293428,9.375754,1,1
-8.112466,-4.4778132,0,1
41.256588,4.943053,2,1
10.863202,8.213698,0,1
13.119303,6.647466,0,1
3.2944124,18.92145,0,1
17.297663,6.984084,0,1
26.65257,9.302862,2,1
-16.234169,-34.236504,0,1
-0.2938394,5.462094,0,1
10.74311,29.195662,3,1
-23.401287,12.364896,1,1
-41.67666,4.095744,1,1
17.039589,26.172932,3,1
-51.65543,0.24441016,1,1
12.899967,18.092955,0,1
-37.74687,2.998005,1,1
-35.881203,-0.18994549,1,1
-39.06173,-21.169462,1,1
3.831827,18.225025,0,1
4.1578503,-9.250163,0,1
-23.076447,-8.832948,1,1
-13.811483,13.928211,0,1
19.325148,17.0114,0,1
29.95239,16.13759,2,1
50.013264,3.4887872,2,1
-6.707153,13.514834,0,1
-24.36031,-18.315485,0,1
-2.5347269,-21.981503,0,1
26.007496,13.461086,2,1
-33.088207,2.271305,1,1
-1.3280855,-0.7442722,0,1
-16.254496,24.421862,0,1
-25.707897,24.921532,1,1
33.863087,11.416845,2,1
-12.414718,-27.485153,3,1
7.1749907,4.905804,0,1
-27.065178,8.894905,1,1
-37.33982,-17.716967,1,1
-39.274467,-18.544386,1,1
12.233173,24.430017,2,1
12.511739,24.409431,2,1
-11.581154,-11.069941,0,1
2.1263578,16.951166,0,1
-12.298088,-13.429587,0,1
-17.487158,-17.175604,1,1
34.018646,20.711378,2,1
-4.2766128,24.87622,0,1
-16.529686,-3.2305174,1,1
-6.5472517,-8.8597145,0,1
-52.280525,-11.007425,1,1
-31.462746,14.481935,0,1
32.16982,-4.2098136,0,1
6.2866154,-28.871874,0,1
-38.173122,-0.25030842,1,1
4.9002213,-25.306793,0,1
21.413288,-11.212953,0,1
15.267806,-26.431438,0,1
38.465103,0.2404452,0,1
-35.079716,7.828974,1,1
-17.345867,-17.21787,0,1
37.03502,15.989167,2,1
17.365076,17.150698,0,1
-14.795982,-11.255959,1,1
-2.071053,-29.153353,1,1
15.7028885,19.582436,2,1
-24.199257,-28.815222,1,1
24.261108,-13.95386,2,1
-42.941353,10.723941,2,1
22.027475,32.17801,2,1
50.007153,3.4772825,2,1
10.4455,29.598198,3,1
-14.274138,-23.054207,1,1
-52.280525,-11.007425,1,1
-56.810036,6.9680614,3,1
1.414838,-7.2818832,0,1
19.023077,-1.6022735,0,1
41.765755,1.5844531,2,1
14.567706,1.2436295,0,1
37.72553,4.345962,2,1
-3.2571483,0.6907779,0,1
28.125664,1.9172688,0,1
14.6059675,0.80559134,0,1
37.202324,8.831388,2,1
42.793877,2.891553,2,1
-51.53155,-3.893474,1,1
-27.483982,-11.873123,1,1
8.286689,21.454231,0,1
16.856504,26.241045,2,1
30.40806,-15.0920105,2,1
-17.114866,-26.580034,3,1
27.254227,3.4922812,2,1
-39.634796,-5.1278534,1,1
-39.412582,-6.809497,1,1
