round,variant,term,pillai,num_df,den_df,F,p,n,n_dvs,closed_composition
1,published (ratios of budget),quadratic,0.11004510786829493,4.0,96.0,2.9676589366376813,0.023322392433565712,102,4,False
1,published (ratios of budget),same,0.02586624095144389,4.0,96.0,0.637273656793276,0.6371573309208218,102,4,False
2,published (ratios of budget),quadratic,0.05835049922613625,4.0,69.0,1.068918011238421,0.3786104542415393,75,4,False
2,published (ratios of budget),same,0.05508466611781825,4.0,69.0,1.0056038424399654,0.4106917451291143,75,4,False
1,excluding rows labelled 'pilots',quadratic,0.11004510786829493,4.0,96.0,2.9676589366376813,0.023322392433565712,102,4,False
1,excluding rows labelled 'pilots',same,0.02586624095144389,4.0,96.0,0.637273656793276,0.6371573309208218,102,4,False
2,excluding rows labelled 'pilots',quadratic,0.03557121073569816,3.0,62.0,0.7622526031861995,0.5195436308858503,67,3,True
2,excluding rows labelled 'pilots',same,0.03960698361929555,3.0,62.0,0.852301416368935,0.4706841176084877,67,3,True
1,fully allocated rows only,quadratic,0.07300144414994889,3.0,80.0,2.1000088565907804,0.10676448628814438,85,3,True
1,fully allocated rows only,same,0.02032009273433682,3.0,80.0,0.5531083525992686,0.647535164302712,85,3,True
2,fully allocated rows only,quadratic,0.037863712100258275,3.0,64.0,0.8395475793096249,0.4771989950352765,69,3,True
2,fully allocated rows only,same,0.045588979611739855,3.0,64.0,1.0190210272175382,0.3901805876897842,69,3,True
1,shares of tokens spent,quadratic,0.08073183078727247,3.0,97.0,2.8395731331485794,0.04192524020958137,102,3,True
1,shares of tokens spent,same,0.042632904440762454,3.0,97.0,1.4398488486238417,0.235925063668941,102,3,True
2,shares of tokens spent,quadratic,0.0317750030758652,3.0,70.0,0.7657483960775578,0.5170645544856665,75,3,True
2,shares of tokens spent,same,0.04376280048845038,3.0,70.0,1.0678647640133374,0.3683963547526248,75,3,True
1,"published ratios, choice 4 dropped (3 DVs)",quadratic,0.10669573190461337,3.0,97.0,3.8618741543362485,0.011726083341322989,102,3,False
1,"published ratios, choice 4 dropped (3 DVs)",same,0.02578004817495054,3.0,97.0,0.8556126256997018,0.4669571061821932,102,3,False
2,"published ratios, choice 4 dropped (3 DVs)",quadratic,0.04839683257085752,3.0,70.0,1.1866915383480248,0.3211440814251614,75,3,False
2,"published ratios, choice 4 dropped (3 DVs)",same,0.054955622541103075,3.0,70.0,1.3568652328691055,0.26313196579142306,75,3,False
1,"additive log-ratio, ref = choice 3 (3 DVs)",quadratic,0.08693575469344651,3.0,97.0,3.0785596408326787,0.031112583623767096,102,3,False
1,"additive log-ratio, ref = choice 3 (3 DVs)",same,0.0651260370639304,3.0,97.0,2.2524339628133188,0.08710853811681057,102,3,False
2,"additive log-ratio, ref = choice 3 (3 DVs)",quadratic,0.016458588507072103,3.0,70.0,0.3904601548487455,0.760226260738212,75,3,False
2,"additive log-ratio, ref = choice 3 (3 DVs)",same,0.028596821062006426,3.0,70.0,0.6869023826368141,0.5630490501017187,75,3,False
