item,model,term,coef,se,p,n,p_holm,p_bh
Q1_1,oneway_quadratic,quadratic,0.197802197802197,0.11094729568219559,0.07629633391495402,182,0.7629633391495403,0.3051853356598161
Q1_1,oneway_same,same,-0.42613430127041774,0.10743408086268368,0.00010517851924175361,182,0.0011569637116592897,0.0006310711154505217
Q1_1,additive,quadratic,0.20250949437783863,0.1065665626908173,0.05899986075836793,182,0.5899986075836793,0.23599944303347173
Q1_1,additive,same,-0.42836398838335055,0.10666966254580844,8.706576459445595e-05,182,0.0009577234105390155,0.0005223945875667357
Q1_1,interaction,quadratic,0.2600422832980986,0.1544514232320579,0.09400204639412099,182,1.0,0.37600818557648397
Q1_1,interaction,same,-0.3733075435203105,0.15109089133291226,0.014424273837616488,182,0.15866701221378138,0.08654564302569893
Q1_1,interaction,quadratic:same,-0.11021958826263517,0.21377828721398284,0.6067882694187814,182,1.0,0.9195357145080051
Q1_2,oneway_quadratic,quadratic,-0.3296703296703308,0.1516147261476516,0.030980393461223357,182,0.37176472153468026,0.2523375320642908
Q1_2,oneway_same,same,-0.30562613430127106,0.15204458628141493,0.045912804696950506,182,0.45912804696950504,0.18365121878780202
Q1_2,additive,quadratic,-0.3263512866610646,0.15036487455362135,0.03129404018605278,182,0.37552848223263335,0.23599944303347173
Q1_2,additive,same,-0.3020329138431758,0.1505103479213532,0.04628395813764425,182,0.4628395813764425,0.185135832550577
Q1_2,interaction,quadratic,-0.4281183932346707,0.21783713873770655,0.05093374956170463,182,0.6112049947404555,0.37600818557648397
Q1_2,interaction,same,-0.39941972920696334,0.21309746953798153,0.06252028533048196,182,0.6252028533048195,0.2500811413219278
Q1_2,interaction,quadratic:same,0.19496236486587828,0.3015113065094491,0.518712681465042,182,1.0,0.9195357145080051
Q1_3,oneway_quadratic,quadratic,-0.08791208791208852,0.12105659077960892,0.46865540673043465,182,1.0,0.7029831100956521
Q1_3,oneway_same,same,0.05952813067150543,0.12126994925092473,0.6241142642869274,182,1.0,0.7489371171443129
Q1_3,additive,quadratic,-0.08857696030977794,0.12131751776578352,0.46626819918152634,182,1.0,0.7148485756787909
Q1_3,additive,same,0.060503388189737786,0.1214348887137968,0.6189284296874478,182,1.0,0.7427141156249373
Q1_3,interaction,quadratic,-0.050739957716699334,0.17591805911695757,0.7733535826741859,182,1.0,0.8436584538263846
Q1_3,interaction,same,0.0967117988394571,0.17209045923521288,0.5748350170791424,182,1.0,0.9162118116207463
Q1_3,interaction,quadratic:same,-0.0724869926379069,0.24349054596620623,0.7662797620900043,182,1.0,0.9195357145080051
Q2_1,oneway_quadratic,quadratic,0.07692307692307579,0.10566987865061332,0.46758608949406966,182,1.0,0.7029831100956521
Q2_1,oneway_same,same,0.17217180883242483,0.10514747807858803,0.10328733034502331,182,0.9295859731052099,0.30986199103506995
Q2_1,additive,quadratic,0.07504015829281918,0.1051958219369367,0.4765657171191939,182,1.0,0.7148485756787909
Q2_1,additive,same,0.1713455953533396,0.10529759564262373,0.10544283822606114,182,0.9489855440345503,0.31632851467818346
Q2_1,interaction,quadratic,-0.2510570824524291,0.14878074412721765,0.09327222629567784,182,1.0,0.37600818557648397
Q2_1,interaction,same,-0.14071566731141374,0.14554359405015468,0.3349416428263091,182,1.0,0.8038599427831419
Q2_1,interaction,quadratic:same,0.62472729521839,0.20592942417986576,0.0027774018696607545,182,0.03332882243592905,0.03332882243592906
Q2_3,oneway_quadratic,quadratic,0.06593406593406553,0.11454136897923521,0.5655805936582101,182,1.0,0.7541074582109468
Q2_3,oneway_same,same,0.1156684815486979,0.11443335569743152,0.31347212865349183,182,1.0,0.5049253149123539
Q2_3,additive,quadratic,0.06467080837845535,0.1145466373652139,0.5730658727741977,182,1.0,0.764087830365597
Q2_3,additive,same,0.11495643756050306,0.11465745769575547,0.3174036454716753,182,1.0,0.4987783780753108
Q2_3,interaction,quadratic,0.07188160676533054,0.1661395157733271,0.665786920322971,182,1.0,0.7989443043875653
Q2_3,interaction,same,0.12185686653771624,0.1625246760341942,0.45438031594816736,182,1.0,0.9087606318963347
Q2_3,interaction,quadratic:same,-0.013814230878801986,0.22995593292280167,0.9521645818269401,182,1.0,0.9521645818269401
Q2_4,oneway_quadratic,quadratic,0.0329670329670316,0.11394237899095525,0.7726612670669835,182,1.0,0.8429032004367093
Q2_4,oneway_same,same,0.12909860859043998,0.11367258745313191,0.25758964688682406,182,1.0,0.5049253149123539
Q2_4,additive,quadratic,0.03155218450474935,0.113861961136953,0.7820160916835753,182,1.0,0.8531084636548095
Q2_4,additive,same,0.12875121006776355,0.1139721190644099,0.2601256406874294,182,1.0,0.4987783780753108
Q2_4,interaction,quadratic,-0.13583509513741812,0.16423260435867795,0.4092936127299078,182,1.0,0.5457248169732104
Q2_4,interaction,same,-0.031431334622825075,0.1606592549244168,0.8451153073415878,182,1.0,0.9219439716453686
Q2_4,interaction,quadratic:same,0.3206755206693363,0.2273165512482152,0.16007825774696235,182,1.0,0.6148189650838919
Q2_5,oneway_quadratic,quadratic,-0.24175824175824273,0.11807151253689523,0.042056255344048464,182,0.4626188087845331,0.2523375320642908
Q2_5,oneway_same,same,-0.011615245009075209,0.11955105500704039,0.9227096570689176,182,1.0,0.9227096570689176
Q2_5,additive,quadratic,-0.24165984064338442,0.11840613740932716,0.04272510332643055,182,0.46997613659073606,0.23599944303347173
Q2_5,additive,same,-0.008954501452081737,0.11852069168684835,0.9398597224747484,182,1.0,0.9398597224747484
Q2_5,interaction,quadratic,-0.22674418604650917,0.1717321403390854,0.18841798682756244,182,1.0,0.4062178246244339
Q2_5,interaction,same,0.005319148936168722,0.16799561707732846,0.9747767332249675,182,1.0,0.9747767332249675
Q2_5,interaction,quadratic:same,-0.028574962889658245,0.23769675962209555,0.9044475958321045,182,1.0,0.9521645818269401
Q2_6,oneway_quadratic,quadratic,-0.1318681318681323,0.11826454201741882,0.2663254312251697,182,1.0,0.6391810349404073
Q2_6,oneway_same,same,0.09945553539019794,0.11855555437410338,0.4026415218483473,182,1.0,0.5368553624644631
Q2_6,additive,quadratic,-0.1329771390274797,0.11836195521343684,0.2627387351462666,182,1.0,0.6305729643510398
Q2_6,additive,same,0.10091965150048375,0.11847646674604935,0.39545673738150694,182,1.0,0.5272756498420093
Q2_6,interaction,quadratic,-0.18234672304439523,0.17159860969439106,0.2893869598334464,182,1.0,0.43408043975016963
Q2_6,interaction,same,0.053675048355897426,0.16786499177323647,0.749531858407108,182,1.0,0.9162118116207463
Q2_6,interaction,quadratic:same,0.09458076559759049,0.2375119380651556,0.6909490872364603,182,1.0,0.9195357145080051
Q2_7,oneway_quadratic,quadratic,-0.010989010989012449,0.12155433572562643,0.9280666139056835,182,1.0,0.9280666139056835
Q2_7,oneway_same,same,0.14918330308529765,0.12116554622853232,0.21984112333290648,182,1.0,0.5049253149123539
Q2_7,additive,quadratic,-0.01262991606650904,0.12138976231841343,0.9172506551116758,182,1.0,0.9172506551116758
Q2_7,additive,same,0.1493223620522743,0.121507203160798,0.22071576068180943,182,1.0,0.4987783780753108
Q2_7,interaction,quadratic,-0.25052854122621276,0.17432823400245187,0.15244270562623286,182,1.0,0.4062178246244339
Q2_7,interaction,same,-0.07833655705996298,0.17053522530737,0.6465382846293425,182,1.0,0.9162118116207463
Q2_7,interaction,quadratic:same,0.45575903768011716,0.24129004769408502,0.06053916580459068,182,0.6659308238504975,0.36323499482754407
Q2_8,oneway_quadratic,quadratic,-0.18681318681318798,0.12634973496092142,0.14101097672653506,182,1.0,0.4230329301796052
Q2_8,oneway_same,same,-0.016333938294011918,0.1272318266054975,0.8979921009043605,182,1.0,0.9227096570689176
Q2_8,additive,quadratic,-0.1866562769273319,0.12670535532583022,0.1424662677655457,182,1.0,0.4273988032966371
Q2_8,additive,same,-0.01427879961277885,0.12682793884012256,0.9104865097352152,182,1.0,0.9398597224747484
Q2_8,interaction,quadratic,-0.2283298097251565,0.18372563621624605,0.21558501256933735,182,1.0,0.4062178246244339
Q2_8,interaction,same,-0.05415860735009864,0.17972816019255233,0.7635098430172886,182,1.0,0.9162118116207463
Q2_8,interaction,quadratic:same,0.0798369019237416,0.25429711818580475,0.7539256858389124,182,1.0,0.9195357145080051
Q2_9,oneway_quadratic,quadratic,0.10989010989010911,0.13408795031298998,0.4135636049056397,182,1.0,0.7029831100956521
Q2_9,oneway_same,same,-0.12921960072595384,0.13412247181088865,0.3366168766082359,182,1.0,0.5049253149123539
Q2_9,additive,quadratic,0.11132357477952752,0.13411686374409487,0.40761670513764997,182,1.0,0.7148485756787909
Q2_9,additive,same,-0.13044530493707707,0.13424661766366158,0.33251891871687383,182,1.0,0.4987783780753108
Q2_9,interaction,quadratic,0.02378435517970581,0.19431421927919898,0.9027191207269732,182,1.0,0.9027191207269732
Q2_9,interaction,same,-0.21421663442940228,0.19008635838494084,0.2612831767822002,182,1.0,0.7838495303466007
Q2_9,interaction,quadratic:same,0.1677050065224247,0.2689529180732559,0.5337227933406229,182,1.0,0.9195357145080051
Q2_10,oneway_quadratic,quadratic,0.05494505494505357,0.18431861722211176,0.7659719969067585,182,1.0,0.8429032004367093
Q2_10,oneway_same,same,-0.9719298245614034,0.1697288517639982,4.2289831802718426e-08,182,5.074779816326211e-07,5.074779816326211e-07
Q2_10,additive,quadratic,0.06563354361031026,0.16997729942071338,0.6998580445225543,182,1.0,0.8398296534270651
Q2_10,additive,same,-0.9726524685382391,0.17014174720320316,4.4685116891626165e-08,182,5.36221402699514e-07,5.36221402699514e-07
Q2_10,interaction,quadratic,0.29122621564482265,0.24542579730317143,0.23696039769758645,182,1.0,0.4062178246244339
Q2_10,interaction,same,-0.7567698259187634,0.24008585803002286,0.0019025846118386253,182,0.022831015342063502,0.022831015342063506
Q2_10,interaction,quadratic:same,-0.43218366245333095,0.3396971389947551,0.20493965502796396,182,1.0,0.6148189650838919
