subscale,model,term,coef,p,n
Electoral,oneway_quadratic,quadratic,-0.10439560439560613,0.22751983460155706,182
Electoral,oneway_same,same,0.27870538415002827,0.0011150431484805781,182
Electoral,additive,quadratic,-0.1074713041073161,0.201841319120735,182
Electoral,additive,same,0.2798886737657307,0.0010440935996184535,182
Electoral,interaction,quadratic,-0.24709302325581065,0.04230962167990176,182
Electoral,interaction,same,0.14627659574468002,0.217475484302913,182
Electoral,interaction,quadratic:same,0.26748309417780014,0.11147464541051917,182
Liberal,oneway_quadratic,quadratic,-0.21428571428571583,0.05948323593515347,182
Liberal,oneway_same,same,0.11343012704174085,0.32066871583568757,182
Liberal,additive,quadratic,-0.21555828005489064,0.057991993600405425,182
Liberal,additive,same,0.11580348499515905,0.3072002747704197,182
Liberal,interaction,quadratic,-0.18472515856236557,0.26103693780433695,182
Liberal,interaction,same,0.14530947775628508,0.365807534596385,182
Liberal,interaction,quadratic:same,-0.05906916767876633,0.794787219616816,182
Participatory,oneway_quadratic,quadratic,-0.22344322344322445,0.043874430837584466,182
Participatory,oneway_same,same,0.04553337366404332,0.6832271775543792,182
Participatory,additive,quadratic,-0.22397068887872174,0.04387453992605107,182
Participatory,additive,same,0.04799935463052564,0.6644110979614457,182
Participatory,interaction,quadratic,-0.13601127554615663,0.3958219714362558,182
Participatory,interaction,same,0.13217279174725838,0.39894483167079176,182
Participatory,interaction,quadratic:same,-0.1685100010495844,0.447134024800615,182
Deliberative,oneway_quadratic,quadratic,0.07326007326007182,0.42701253116662957,182
Deliberative,oneway_same,same,0.03662028634805159,0.6918055892415699,182
Deliberative,additive,quadratic,0.07286646880064361,0.4306188087463694,182
Deliberative,additive,same,0.035818005808324865,0.6985391539208045,182
Deliberative,interaction,quadratic,0.039816772374914204,0.7662839823739127,182
Deliberative,interaction,same,0.004190844616374478,0.9744838899638756,182
Deliberative,interaction,quadratic:same,0.06331561533194499,0.7327443477960812,182
Egalitarian,oneway_quadratic,quadratic,-0.07326007326007411,0.4859746750197832,182
Egalitarian,oneway_same,same,0.0944545271224019,0.3692795924468244,182
Egalitarian,additive,quadratic,-0.07430702566229891,0.48002130502929174,182
Egalitarian,additive,same,0.0952726686027744,0.3658565628744419,182
Egalitarian,interaction,quadratic,0.014446793516563115,0.9243873386727721,182
Egalitarian,interaction,same,0.18020631850418886,0.22714952892723841,182
Egalitarian,interaction,quadratic:same,-0.17003189989953815,0.4200649989506145,182
Rule of Law,oneway_quadratic,quadratic,-0.11538461538461706,0.339690500501847,182
Rule of Law,oneway_same,same,0.06321839080459593,0.6015694427632994,182
Rule of Law,additive,quadratic,-0.11609336936055038,0.3377357730774693,182
Rule of Law,additive,same,0.06449661181026095,0.5943492633388686,182
Rule of Law,interaction,quadratic,0.05602536997886086,0.7482118899911299,182
Rule of Law,interaction,same,0.22920696324951506,0.18048640672761065,182
Rule of Law,interaction,quadratic:same,-0.3297399089859494,0.17332766388362236,182
Civil Liberties,oneway_quadratic,quadratic,-0.19780219780220004,0.02186871263689196,182
Civil Liberties,oneway_same,same,0.0386368219399047,0.6568579465121416,182
Civil Liberties,additive,quadratic,-0.1982507650465029,0.021868443052434936,182
Civil Liberties,additive,same,0.04081961923201016,0.6348309102378312,182
Civil Liberties,interaction,quadratic,-0.22322057787173868,0.07421747527377273,182
Civil Liberties,interaction,same,0.01692456479690449,0.8894587911129574,182
Civil Liberties,interaction,quadratic:same,0.04783641711523992,0.7812989792294166,182
Political Equality,oneway_quadratic,quadratic,0.25824175824175677,0.06766881729899343,182
Political Equality,oneway_same,same,0.15807622504537053,0.2652176579900105,182
Political Equality,additive,quadratic,0.2565356956692881,0.06934333209843238,182
Political Equality,additive,same,0.15525169409486878,0.2707753339853999,182
Political Equality,interaction,quadratic,0.2600422832980996,0.20328213075201737,182
Political Equality,interaction,same,0.15860735009671065,0.42699160140413206,182
Political Equality,interaction,quadratic:same,-0.0067178152129908075,0.9810121389649703,182
Civil Society Participation,oneway_quadratic,quadratic,-0.1153846153846172,0.31020274834752315,182
Civil Society Participation,oneway_same,same,-0.10641258318209475,0.34990120957171245,182
Civil Society Participation,additive,quadratic,-0.114229067157431,0.3152869921172843,182
Civil Society Participation,additive,same,-0.1051548886737668,0.3556289499548088,182
Civil Society Participation,interaction,quadratic,-0.14482029598308455,0.37983587516683837,182
Civil Society Participation,interaction,same,-0.1344294003868485,0.40461411231985733,182
Civil Society Participation,interaction,quadratic:same,0.05860575697599557,0.797164992534526,182
Judicial Constraints,oneway_quadratic,quadratic,-0.20514878380047086,0.08077574076341307,180
Judicial Constraints,oneway_same,same,-0.10697070819428953,0.36428660130930335,180
Judicial Constraints,additive,quadratic,-0.205109188298305,0.08098246197623858,180
Judicial Constraints,additive,same,-0.10689465732728788,0.3618528851122918,180
Judicial Constraints,interaction,quadratic,-0.1017441860465096,0.5460993395367305,180
Judicial Constraints,interaction,same,-0.007978723404256566,0.9613871274580109,180
Judicial Constraints,interaction,quadratic:same,-0.20005969924488376,0.3938293598096561,180
