cond,item,paper_value
quadratic-equal,Q2_1,4.444
quadratic-equal,Q2_3,4.28
quadratic-equal,Q2_4,4.321
quadratic-equal,Q2_5,4.012
quadratic-equal,Q2_6,4.129
quadratic-equal,Q2_7,4.356
quadratic-equal,Q2_8,3.989
quadratic-equal,Q2_9,4.012
quadratic-equal,Q2_10,3.383
quadratic-early,Q2_1,3.96
quadratic-early,Q2_3,4.164
quadratic-early,Q2_4,4.024
quadratic-early,Q2_5,4.024
quadratic-early,Q2_6,3.989
quadratic-early,Q2_7,3.989
quadratic-early,Q2_8,3.96
quadratic-early,Q2_9,4.053
quadratic-early,Q2_10,2.194
ranked-equal,Q2_1,4.076
ranked-equal,Q2_3,4.216
ranked-equal,Q2_4,4.141
ranked-equal,Q2_5,4.269
ranked-equal,Q2_6,4.216
ranked-equal,Q2_7,4.152
ranked-equal,Q2_8,4.141
ranked-equal,Q2_9,3.82
ranked-equal,Q2_10,3.243
ranked-early,Q2_1,4.216
ranked-early,Q2_3,4.1
ranked-early,Q2_4,4.164
ranked-early,Q2_5,4.257
ranked-early,Q2_6,4.164
ranked-early,Q2_7,4.228
ranked-early,Q2_8,4.193
ranked-early,Q2_9,4.024
ranked-early,Q2_10,2.486
